data;id;classe;predicao
10/05/2021 12:38;Documento_29266;1;1
10/05/2021 12:38;Documento_29266_Perm_3;0;0
10/05/2021 12:38;Documento_47782;1;1
10/05/2021 12:38;Documento_47782_Perm_10;0;0
10/05/2021 12:38;Documento_47782;1;1
10/05/2021 12:38;Documento_47782_Perm_6;0;0
10/05/2021 12:38;Documento_68104;1;1
10/05/2021 12:38;Documento_68104_Perm_0;0;0
10/05/2021 12:38;Documento_36445;1;1
10/05/2021 12:38;Documento_36445_Perm_12;0;0
10/05/2021 12:38;Documento_36445;1;1
10/05/2021 12:38;Documento_36445_Perm_5;0;0
10/05/2021 12:38;Documento_36445;1;1
10/05/2021 12:38;Documento_36445_Perm_19;0;0
10/05/2021 12:38;Documento_66242;1;1
10/05/2021 12:38;Documento_66242_Perm_8;0;0
10/05/2021 12:38;Documento_47397_Perm_1;0;0
10/05/2021 12:38;Documento_47397;1;1
10/05/2021 12:38;Documento_47397_Perm_10;0;0
10/05/2021 12:38;Documento_44567;1;1
10/05/2021 12:38;Documento_44567_Perm_14;0;0
10/05/2021 12:38;Documento_44567;1;1
10/05/2021 12:38;Documento_44567_Perm_18;0;0
10/05/2021 12:38;Documento_44567;1;1
10/05/2021 12:38;Documento_47999_Perm_13;0;0
10/05/2021 12:38;Documento_88303;1;1
10/05/2021 12:38;Documento_88303_Perm_19;0;0
10/05/2021 12:38;Documento_88303;1;1
10/05/2021 12:38;Documento_88303_Perm_5;0;0
10/05/2021 12:38;Documento_88303;1;1
10/05/2021 12:38;Documento_88303_Perm_16;0;1
10/05/2021 12:38;Documento_88303;1;1
10/05/2021 12:38;Documento_114781;1;1
10/05/2021 12:38;Documento_114781_Perm_12;0;0
10/05/2021 12:38;Documento_114781;1;1
10/05/2021 12:38;Documento_114781_Perm_4;0;0
10/05/2021 12:38;Documento_114780;1;1
10/05/2021 12:38;Documento_114780_Perm_9;0;0
10/05/2021 12:38;Documento_114780;1;1
10/05/2021 12:38;Documento_114780_Perm_16;0;0
10/05/2021 12:38;Documento_62953;1;1
10/05/2021 12:38;Documento_62953_Perm_12;0;0
10/05/2021 12:38;Documento_62953;1;1
10/05/2021 12:38;Documento_62953_Perm_4;0;0
10/05/2021 12:38;Documento_62915;1;1
10/05/2021 12:38;Documento_62915_Perm_2;0;0
10/05/2021 12:38;Documento_62915;1;1
10/05/2021 12:38;Documento_62915_Perm_1;0;0
10/05/2021 12:38;Documento_66240;1;1
10/05/2021 12:38;Documento_66240_Perm_15;0;0
10/05/2021 12:38;Documento_66240;1;1
10/05/2021 12:38;Documento_66240_Perm_12;0;0
10/05/2021 12:38;Documento_62956;1;1
10/05/2021 12:38;Documento_62956_Perm_9;0;0
10/05/2021 12:38;Documento_62956;1;1
10/05/2021 12:38;Documento_62956_Perm_5;0;0
10/05/2021 12:38;Documento_30831;1;1
10/05/2021 12:38;Documento_30831_Perm_0;0;0
10/05/2021 12:38;Documento_62939;1;1
10/05/2021 12:38;Documento_62939_Perm_14;0;0
10/05/2021 12:38;Documento_64258;1;1
10/05/2021 12:38;Documento_64258_Perm_13;0;0
10/05/2021 12:38;Documento_64258;1;1
10/05/2021 12:38;Documento_64258_Perm_11;0;0
10/05/2021 12:38;Documento_66224;1;1
10/05/2021 12:38;Documento_66224_Perm_19;0;0
10/05/2021 12:38;Documento_66253;1;1
10/05/2021 12:38;Documento_66253_Perm_9;0;0
10/05/2021 12:38;Documento_64266;1;1
10/05/2021 12:38;Documento_64266_Perm_11;0;0
10/05/2021 12:38;Documento_64266;1;1
10/05/2021 12:38;Documento_64266_Perm_14;0;0
10/05/2021 12:38;Documento_80090;1;1
10/05/2021 12:38;Documento_80090_Perm_17;0;1
10/05/2021 12:38;Documento_80090;1;1
10/05/2021 12:38;Documento_80090_Perm_4;0;0
10/05/2021 12:38;Documento_89396;1;1
10/05/2021 12:38;Documento_89396_Perm_12;0;0
10/05/2021 12:38;Documento_89396;1;1
10/05/2021 12:38;Documento_89396_Perm_15;0;0
10/05/2021 12:38;Documento_62935;1;1
10/05/2021 12:38;Documento_62935_Perm_4;0;0
10/05/2021 12:38;Documento_62935;1;1
10/05/2021 12:38;Documento_62935_Perm_11;0;0
10/05/2021 12:38;Documento_62930;1;1
10/05/2021 12:38;Documento_62930_Perm_5;0;0
10/05/2021 12:38;Documento_62903;1;1
10/05/2021 12:38;Documento_62903_Perm_17;0;0
10/05/2021 12:38;Documento_49669_Perm_11;0;0
10/05/2021 12:38;Documento_49669;1;1
10/05/2021 12:38;Documento_49669_Perm_9;0;0
10/05/2021 12:38;Documento_64302;1;1
10/05/2021 12:38;Documento_64302_Perm_19;0;0
10/05/2021 12:38;Documento_64302;1;1
10/05/2021 12:38;Documento_64302_Perm_2;0;0
10/05/2021 12:38;Documento_64302;1;1
10/05/2021 12:38;Documento_80659;1;1
10/05/2021 12:38;Documento_80659_Perm_0;0;0
10/05/2021 12:38;Documento_107011;1;1
10/05/2021 12:38;Documento_107011_Perm_6;0;0
10/05/2021 12:38;Documento_47613;1;1
10/05/2021 12:38;Documento_47613_Perm_9;0;0
10/05/2021 12:38;Documento_47613;1;1
10/05/2021 12:38;Documento_47613_Perm_14;0;0
10/05/2021 12:38;Documento_44717;1;1
10/05/2021 12:38;Documento_44717_Perm_19;0;0
10/05/2021 12:38;Documento_44717;1;1
10/05/2021 12:38;Documento_44717_Perm_6;0;0
10/05/2021 12:38;Documento_44717;1;1
10/05/2021 12:38;Documento_44717_Perm_4;0;0
10/05/2021 12:38;Documento_44717;1;1
10/05/2021 12:38;Documento_44717_Perm_15;0;0
10/05/2021 12:38;Documento_62940;1;1
10/05/2021 12:38;Documento_62940_Perm_18;0;0
10/05/2021 12:38;Documento_62899;1;1
10/05/2021 12:38;Documento_62899_Perm_12;0;0
10/05/2021 12:38;Documento_62899;1;1
10/05/2021 12:38;Documento_62899_Perm_18;0;0
10/05/2021 12:38;Documento_62934;1;1
10/05/2021 12:38;Documento_62934_Perm_7;0;0
10/05/2021 12:38;Documento_62898;1;1
10/05/2021 12:38;Documento_62898_Perm_16;0;0
10/05/2021 12:38;Documento_62898;1;1
10/05/2021 12:38;Documento_62898_Perm_3;0;0
10/05/2021 12:38;Documento_62898;1;1
10/05/2021 12:38;Documento_62898_Perm_10;0;0
10/05/2021 12:38;Documento_62946;1;1
10/05/2021 12:38;Documento_62946_Perm_0;0;0
10/05/2021 12:38;Documento_64488_Perm_8;0;0
10/05/2021 12:38;Documento_64488;1;1
10/05/2021 12:38;Documento_64488_Perm_1;0;0
10/05/2021 12:38;Documento_31122;1;1
10/05/2021 12:38;Documento_31122_Perm_9;0;0
10/05/2021 12:38;Documento_31122;1;1
10/05/2021 12:38;Documento_31122_Perm_4;0;0
10/05/2021 12:38;Documento_31122;1;1
10/05/2021 12:38;Documento_46887;1;1
10/05/2021 12:38;Documento_46887_Perm_17;0;1
10/05/2021 12:38;Documento_119760;1;1
10/05/2021 12:38;Documento_119760_Perm_13;0;0
10/05/2021 12:38;Documento_119760;1;1
10/05/2021 12:38;Documento_119760_Perm_6;0;0
10/05/2021 12:38;Documento_119760;1;1
10/05/2021 12:38;Documento_119760_Perm_9;0;0
10/05/2021 12:38;Documento_62940;1;1
10/05/2021 12:38;Documento_62940_Perm_8;0;0
10/05/2021 12:38;Documento_62934;1;1
10/05/2021 12:38;Documento_62934_Perm_3;0;0
10/05/2021 12:38;Documento_62934;1;1
10/05/2021 12:38;Documento_62934_Perm_6;0;0
10/05/2021 12:38;Documento_62925;1;1
10/05/2021 12:38;Documento_62925_Perm_12;0;0
10/05/2021 12:38;Documento_74931;1;1
10/05/2021 12:38;Documento_74931_Perm_17;0;0
10/05/2021 12:38;Documento_66257;1;1
10/05/2021 12:38;Documento_66257_Perm_16;0;0
10/05/2021 12:38;Documento_66257;1;1
10/05/2021 12:38;Documento_66257_Perm_5;0;0
10/05/2021 12:38;Documento_66257;1;1
10/05/2021 12:38;Documento_66257_Perm_0;0;0
10/05/2021 12:38;Documento_93584_Perm_10;0;0
10/05/2021 12:38;Documento_93584;1;1
10/05/2021 12:38;Documento_93584_Perm_12;0;0
10/05/2021 12:38;Documento_93584;1;1
10/05/2021 12:38;Documento_93584_Perm_8;0;0
10/05/2021 12:38;Documento_103630;1;1
10/05/2021 12:38;Documento_103630_Perm_16;0;0
10/05/2021 12:38;Documento_103630;1;1
10/05/2021 12:38;Documento_105042;1;1
10/05/2021 12:38;Documento_105042_Perm_8;0;0
10/05/2021 12:38;Documento_105042;1;1
10/05/2021 12:38;Documento_105042_Perm_16;0;0
10/05/2021 12:38;Documento_105042;1;1
10/05/2021 12:38;Documento_105042_Perm_18;0;0
10/05/2021 12:38;Documento_105042;1;1
10/05/2021 12:38;Documento_105042_Perm_10;0;1
10/05/2021 12:38;Documento_61336;1;1
10/05/2021 12:38;Documento_61336_Perm_14;0;0
10/05/2021 12:38;Documento_61336;1;1
10/05/2021 12:38;Documento_61336_Perm_7;0;0
10/05/2021 12:38;Documento_61336;1;1
10/05/2021 12:38;Documento_61336_Perm_3;0;0
10/05/2021 12:38;Documento_36904;1;1
10/05/2021 12:38;Documento_36904_Perm_11;0;0
10/05/2021 12:38;Documento_78573_Perm_9;0;0
10/05/2021 12:38;Documento_78573;1;1
10/05/2021 12:38;Documento_78573_Perm_18;0;1
10/05/2021 12:38;Documento_83314;1;1
10/05/2021 12:38;Documento_83314_Perm_1;0;0
10/05/2021 12:38;Documento_105540;1;1
10/05/2021 12:38;Documento_105540_Perm_2;0;0
10/05/2021 12:38;Documento_105540;1;1
10/05/2021 12:38;Documento_92746_Perm_17;0;0
10/05/2021 12:38;Documento_92746;1;1
10/05/2021 12:38;Documento_92746_Perm_9;0;0
10/05/2021 12:38;Documento_49337;1;1
10/05/2021 12:38;Documento_49337_Perm_0;0;0
10/05/2021 12:38;Documento_49337;1;1
10/05/2021 12:38;Documento_49337_Perm_14;0;0
10/05/2021 12:38;Documento_31437;1;1
10/05/2021 12:38;Documento_110071;1;1
10/05/2021 12:38;Documento_110071_Perm_8;0;0
10/05/2021 12:38;Documento_110071;1;1
10/05/2021 12:38;Documento_110071_Perm_7;0;0
10/05/2021 12:38;Documento_110071;1;1
10/05/2021 12:38;Documento_110071_Perm_0;0;0
10/05/2021 12:38;Documento_106011;1;1
10/05/2021 12:38;Documento_106011_Perm_13;0;0
10/05/2021 12:38;Documento_107275_Perm_15;0;0
10/05/2021 12:38;Documento_74946;1;1
10/05/2021 12:38;Documento_74946_Perm_15;0;0
10/05/2021 12:38;Documento_74946;1;1
10/05/2021 12:38;Documento_74946_Perm_19;0;0
10/05/2021 12:38;Documento_74954;1;1
10/05/2021 12:38;Documento_74954_Perm_1;0;0
10/05/2021 12:38;Documento_67883;1;1
10/05/2021 12:38;Documento_62925;1;1
10/05/2021 12:38;Documento_62925_Perm_19;0;0
10/05/2021 12:38;Documento_62925;1;1
10/05/2021 12:38;Documento_62925_Perm_13;0;0
10/05/2021 12:38;Documento_62923;1;1
10/05/2021 12:38;Documento_62923_Perm_13;0;0
10/05/2021 12:38;Documento_62923;1;1
10/05/2021 12:38;Documento_62923_Perm_3;0;0
10/05/2021 12:38;Documento_108890;1;1
10/05/2021 12:38;Documento_108890_Perm_3;0;0
10/05/2021 12:38;Documento_66709;1;1
10/05/2021 12:38;Documento_66709_Perm_17;0;0
10/05/2021 12:38;Documento_66709;1;1
10/05/2021 12:38;Documento_66709_Perm_1;0;0
10/05/2021 12:38;Documento_108891;1;1
10/05/2021 12:38;Documento_108891_Perm_17;0;0
10/05/2021 12:38;Documento_49645_Perm_10;0;0
10/05/2021 12:38;Documento_49645;1;1
10/05/2021 12:38;Documento_49645_Perm_4;0;0
10/05/2021 12:38;Documento_64262;1;1
10/05/2021 12:38;Documento_64262_Perm_4;0;0
10/05/2021 12:38;Documento_64262;1;1
10/05/2021 12:38;Documento_64262_Perm_0;0;0
10/05/2021 12:38;Documento_64262;1;1
10/05/2021 12:38;Documento_93278_Perm_5;0;0
10/05/2021 12:38;Documento_54434;1;1
10/05/2021 12:38;Documento_54434_Perm_10;0;0
10/05/2021 12:38;Documento_49864;1;1
10/05/2021 12:38;Documento_49864_Perm_4;0;0
10/05/2021 12:38;Documento_49864;1;1
10/05/2021 12:38;Documento_49864_Perm_14;0;0
10/05/2021 12:38;Documento_49864;1;1
10/05/2021 12:38;Documento_34070_Perm_6;0;0
10/05/2021 12:38;Documento_74929;1;1
10/05/2021 12:38;Documento_74929_Perm_13;0;0
10/05/2021 12:38;Documento_116762;1;1
10/05/2021 12:38;Documento_116762_Perm_2;0;0
10/05/2021 12:38;Documento_116762;1;1
10/05/2021 12:38;Documento_116762_Perm_13;0;0
10/05/2021 12:38;Documento_62532;1;1
10/05/2021 12:38;Documento_58155_Perm_19;0;0
10/05/2021 12:38;Documento_62906;1;1
10/05/2021 12:38;Documento_62906_Perm_18;0;0
10/05/2021 12:38;Documento_62921;1;1
10/05/2021 12:38;Documento_62921_Perm_0;0;0
10/05/2021 12:38;Documento_62925;1;1
10/05/2021 12:38;Documento_62925_Perm_10;0;0
10/05/2021 12:38;Documento_62898;1;1
10/05/2021 12:38;Documento_92746;1;1
10/05/2021 12:38;Documento_92746_Perm_1;0;0
10/05/2021 12:38;Documento_92746;1;1
10/05/2021 12:38;Documento_92746_Perm_5;0;0
10/05/2021 12:38;Documento_92746;1;1
10/05/2021 12:38;Documento_31437_Perm_3;0;0
10/05/2021 12:38;Documento_105049;1;1
10/05/2021 12:38;Documento_105049_Perm_17;0;0
10/05/2021 12:38;Documento_29869_Perm_18;0;0
10/05/2021 12:38;Documento_29869;1;1
10/05/2021 12:38;Documento_29869_Perm_9;0;0
10/05/2021 12:38;Documento_65120;1;1
10/05/2021 12:38;Documento_65120_Perm_9;0;0
10/05/2021 12:38;Documento_65120;1;1
10/05/2021 12:38;Documento_65120_Perm_18;0;0
10/05/2021 12:38;Documento_115084;1;1
10/05/2021 12:38;Documento_101525;1;1
10/05/2021 12:38;Documento_101525_Perm_10;0;0
10/05/2021 12:38;Documento_64290;1;1
10/05/2021 12:38;Documento_64290_Perm_0;0;0
10/05/2021 12:38;Documento_64290;1;1
10/05/2021 12:38;Documento_64290_Perm_15;0;0
10/05/2021 12:38;Documento_64290;1;1
10/05/2021 12:38;Documento_64290_Perm_6;0;0
10/05/2021 12:38;Documento_46654;1;1
10/05/2021 12:38;Documento_46654_Perm_4;0;0
10/05/2021 12:38;Documento_35328;1;1
10/05/2021 12:38;Documento_35328_Perm_14;0;0
10/05/2021 12:38;Documento_35328;1;1
10/05/2021 12:38;Documento_35328_Perm_3;0;0
10/05/2021 12:38;Documento_33052;1;1
10/05/2021 12:38;Documento_33052_Perm_19;0;0
10/05/2021 12:38;Documento_67695_Perm_14;0;0
10/05/2021 12:38;Documento_34386;1;1
10/05/2021 12:38;Documento_34386_Perm_14;0;0
10/05/2021 12:38;Documento_103617;1;1
10/05/2021 12:38;Documento_103617_Perm_11;0;0
10/05/2021 12:38;Documento_103617;1;1
10/05/2021 12:38;Documento_103617_Perm_7;0;0
10/05/2021 12:38;Documento_103617;1;1
10/05/2021 12:38;Documento_118229;1;1
10/05/2021 12:38;Documento_118229_Perm_3;0;0
10/05/2021 12:38;Documento_106129;1;1
10/05/2021 12:38;Documento_106129_Perm_9;0;0
10/05/2021 12:38;Documento_106129;1;1
10/05/2021 12:38;Documento_106129_Perm_1;0;0
10/05/2021 12:38;Documento_49016;1;1
10/05/2021 12:38;Documento_49016_Perm_9;0;0
10/05/2021 12:38;Documento_66226;1;1
10/05/2021 12:38;Documento_66226_Perm_18;0;0
10/05/2021 12:38;Documento_66226;1;1
10/05/2021 12:38;Documento_66226_Perm_9;0;0
10/05/2021 12:38;Documento_66226;1;1
10/05/2021 12:38;Documento_66226_Perm_0;0;0
10/05/2021 12:38;Documento_66233;1;1
10/05/2021 12:38;Documento_66233_Perm_14;0;0
10/05/2021 12:38;Documento_88430_Perm_6;0;0
10/05/2021 12:38;Documento_88430;1;1
10/05/2021 12:38;Documento_88430_Perm_4;0;0
10/05/2021 12:38;Documento_117470;1;1
10/05/2021 12:38;Documento_117470_Perm_4;0;0
10/05/2021 12:38;Documento_117470;1;1
10/05/2021 12:38;Documento_117470_Perm_5;0;1
10/05/2021 12:38;Documento_49016;1;1
10/05/2021 12:38;Documento_34797_Perm_15;0;0
10/05/2021 12:38;Documento_105695;1;1
10/05/2021 12:38;Documento_105695_Perm_13;0;0
10/05/2021 12:38;Documento_105695;1;1
10/05/2021 12:38;Documento_105695_Perm_6;0;0
10/05/2021 12:38;Documento_40930;1;1
10/05/2021 12:38;Documento_40930_Perm_7;0;0
10/05/2021 12:38;Documento_79551;1;1
10/05/2021 12:38;Documento_62889_Perm_3;0;0
10/05/2021 12:38;Documento_62890;1;1
10/05/2021 12:38;Documento_62890_Perm_17;0;0
10/05/2021 12:38;Documento_62890;1;1
10/05/2021 12:38;Documento_62890_Perm_6;0;0
10/05/2021 12:38;Documento_62890;1;1
10/05/2021 12:38;Documento_62890_Perm_2;0;0
10/05/2021 12:38;Documento_64287;1;1
10/05/2021 12:38;Documento_88143;1;1
10/05/2021 12:38;Documento_88143_Perm_6;0;0
10/05/2021 12:38;Documento_117475;1;1
10/05/2021 12:38;Documento_117475_Perm_1;0;0
10/05/2021 12:38;Documento_117475;1;1
10/05/2021 12:38;Documento_117475_Perm_11;0;0
10/05/2021 12:38;Documento_44531;1;1
10/05/2021 12:38;Documento_44531_Perm_12;0;0
10/05/2021 12:38;Documento_61441_Perm_2;0;0
10/05/2021 12:38;Documento_61441;1;1
10/05/2021 12:38;Documento_61441_Perm_10;0;0
10/05/2021 12:38;Documento_61441;1;1
10/05/2021 12:38;Documento_61441_Perm_18;0;0
10/05/2021 12:38;Documento_36445;1;1
10/05/2021 12:38;Documento_36445_Perm_16;0;0
10/05/2021 12:38;Documento_36445;1;1
10/05/2021 12:38;Documento_68254_Perm_17;0;0
10/05/2021 12:38;Documento_35186;1;1
10/05/2021 12:38;Documento_35186_Perm_1;0;0
10/05/2021 12:38;Documento_35186;1;1
10/05/2021 12:38;Documento_35186_Perm_0;0;0
10/05/2021 12:38;Documento_95299;1;1
10/05/2021 12:38;Documento_95299_Perm_0;0;0
10/05/2021 12:38;Documento_95299;1;1
10/05/2021 12:38;Documento_61016_Perm_16;0;0
10/05/2021 12:38;Documento_48078;1;1
10/05/2021 12:38;Documento_48078_Perm_10;0;0
10/05/2021 12:38;Documento_48078;1;1
10/05/2021 12:38;Documento_48078_Perm_1;0;0
10/05/2021 12:38;Documento_60549;1;1
10/05/2021 12:38;Documento_60549_Perm_13;0;0
10/05/2021 12:38;Documento_80659;1;1
10/05/2021 12:38;Documento_67883_Perm_13;0;0
10/05/2021 12:38;Documento_105556;1;1
10/05/2021 12:38;Documento_105556_Perm_2;0;0
10/05/2021 12:38;Documento_105556;1;1
10/05/2021 12:38;Documento_105556_Perm_7;0;0
10/05/2021 12:38;Documento_105556;1;1
10/05/2021 12:38;Documento_105556_Perm_0;0;0
10/05/2021 12:38;Documento_103614;1;1
10/05/2021 12:38;Documento_66241_Perm_14;0;0
10/05/2021 12:38;Documento_62889;1;1
10/05/2021 12:38;Documento_64287_Perm_4;0;0
10/05/2021 12:38;Documento_64380;1;1
10/05/2021 12:38;Documento_64380_Perm_16;0;0
10/05/2021 12:38;Documento_62887;1;1
10/05/2021 12:38;Documento_62887_Perm_6;0;0
10/05/2021 12:38;Documento_62887;1;1
10/05/2021 12:38;Documento_74963;1;1
10/05/2021 12:38;Documento_74963_Perm_8;0;0
10/05/2021 12:38;Documento_74963;1;1
10/05/2021 12:38;Documento_74963_Perm_17;0;0
10/05/2021 12:38;Documento_72607;1;1
10/05/2021 12:38;Documento_72607_Perm_19;0;0
10/05/2021 12:38;Documento_72607;1;1
10/05/2021 12:38;Documento_72607_Perm_13;0;0
10/05/2021 12:38;Documento_88346_Perm_1;0;0
10/05/2021 12:38;Documento_88346;1;1
10/05/2021 12:38;Documento_88346_Perm_18;0;0
10/05/2021 12:38;Documento_41201;1;0
10/05/2021 12:38;Documento_41201_Perm_3;0;0
10/05/2021 12:38;Documento_41201;1;0
10/05/2021 12:38;Documento_41201_Perm_2;0;0
10/05/2021 12:38;Documento_96149;1;1
10/05/2021 12:38;Documento_62895;1;1
10/05/2021 12:38;Documento_62895_Perm_2;0;0
10/05/2021 12:38;Documento_62895;1;1
10/05/2021 12:38;Documento_62895_Perm_0;0;0
10/05/2021 12:38;Documento_62938;1;1
10/05/2021 12:38;Documento_62938_Perm_1;0;0
10/05/2021 12:38;Documento_62938;1;1
10/05/2021 12:38;Documento_62938_Perm_12;0;0
10/05/2021 12:38;Documento_46041_Perm_7;0;0
10/05/2021 12:38;Documento_59925;1;1
10/05/2021 12:38;Documento_59925_Perm_6;0;0
10/05/2021 12:38;Documento_59925;1;1
10/05/2021 12:38;Documento_59925_Perm_0;0;0
10/05/2021 12:38;Documento_91384;1;1
10/05/2021 12:38;Documento_91384_Perm_18;0;0
10/05/2021 12:38;Documento_72986;1;1
10/05/2021 12:38;Documento_64265;1;1
10/05/2021 12:38;Documento_64265_Perm_17;0;0
10/05/2021 12:38;Documento_64265;1;1
10/05/2021 12:38;Documento_64265_Perm_13;0;0
10/05/2021 12:38;Documento_64265;1;1
10/05/2021 12:38;Documento_64265_Perm_6;0;0
10/05/2021 12:38;Documento_64265;1;1
10/05/2021 12:38;Documento_64265_Perm_5;0;0
10/05/2021 12:38;Documento_89396_Perm_5;0;0
10/05/2021 12:38;Documento_89396;1;1
10/05/2021 12:38;Documento_89396_Perm_13;0;0
10/05/2021 12:38;Documento_89396;1;1
10/05/2021 12:38;Documento_89396_Perm_8;0;0
10/05/2021 12:38;Documento_100908;1;1
10/05/2021 12:38;Documento_100908_Perm_3;0;0
10/05/2021 12:38;Documento_100908;1;1
10/05/2021 12:38;Documento_48730_Perm_4;0;0
10/05/2021 12:38;Documento_40020;1;1
10/05/2021 12:38;Documento_40020_Perm_6;0;0
10/05/2021 12:38;Documento_40020;1;1
10/05/2021 12:38;Documento_40020_Perm_5;0;0
10/05/2021 12:38;Documento_40020;1;1
10/05/2021 12:38;Documento_40020_Perm_8;0;0
10/05/2021 12:38;Documento_61755;1;1
10/05/2021 12:38;Documento_64285_Perm_0;0;0
10/05/2021 12:38;Documento_64285;1;1
10/05/2021 12:38;Documento_64285_Perm_4;0;0
10/05/2021 12:38;Documento_50712;1;1
10/05/2021 12:38;Documento_50712_Perm_9;0;0
10/05/2021 12:38;Documento_50712;1;1
10/05/2021 12:38;Documento_50712_Perm_4;0;0
10/05/2021 12:38;Documento_50712;1;1
10/05/2021 12:38;Documento_64305_Perm_10;0;0
10/05/2021 12:38;Documento_64305;1;1
10/05/2021 12:38;Documento_64305_Perm_15;0;0
10/05/2021 12:38;Documento_64292;1;1
10/05/2021 12:38;Documento_64292_Perm_7;0;0
10/05/2021 12:38;Documento_64292;1;1
10/05/2021 12:38;Documento_64292_Perm_9;0;0
10/05/2021 12:38;Documento_64301;1;1
10/05/2021 12:38;Documento_93278;1;1
10/05/2021 12:38;Documento_49864_Perm_9;0;0
10/05/2021 12:38;Documento_49864;1;1
10/05/2021 12:38;Documento_49864_Perm_19;0;0
10/05/2021 12:38;Documento_49405;1;1
10/05/2021 12:38;Documento_49405_Perm_19;0;0
10/05/2021 12:38;Documento_42115;1;1
10/05/2021 12:38;Documento_42115_Perm_8;0;0
10/05/2021 12:38;Documento_62933;1;1
10/05/2021 12:38;Documento_62933_Perm_5;0;0
10/05/2021 12:38;Documento_105499;1;1
10/05/2021 12:38;Documento_105499_Perm_13;0;0
10/05/2021 12:38;Documento_105499;1;1
10/05/2021 12:38;Documento_105499_Perm_14;0;0
10/05/2021 12:38;Documento_105499;1;1
10/05/2021 12:38;Documento_105499_Perm_11;0;0
10/05/2021 12:38;Documento_64284_Perm_15;0;0
10/05/2021 12:38;Documento_64284;1;1
10/05/2021 12:38;Documento_64284_Perm_0;0;0
10/05/2021 12:38;Documento_64284;1;1
10/05/2021 12:38;Documento_64284_Perm_10;0;0
10/05/2021 12:38;Documento_62905;1;1
10/05/2021 12:38;Documento_62905_Perm_19;0;0
10/05/2021 12:38;Documento_62905;1;1
10/05/2021 12:38;Documento_50129_Perm_11;0;0
10/05/2021 12:38;Documento_119147;1;1
10/05/2021 12:38;Documento_119147_Perm_9;0;0
10/05/2021 12:38;Documento_44717;1;1
10/05/2021 12:38;Documento_44717_Perm_17;0;0
10/05/2021 12:38;Documento_52050;1;1
10/05/2021 12:38;Documento_52050_Perm_9;0;0
10/05/2021 12:38;Documento_52050;1;1
10/05/2021 12:38;Documento_64621_Perm_4;0;0
10/05/2021 12:38;Documento_64621;1;1
10/05/2021 12:38;Documento_64621_Perm_1;0;0
10/05/2021 12:38;Documento_64621;1;1
10/05/2021 12:38;Documento_64621_Perm_2;0;0
10/05/2021 12:38;Documento_64621;1;1
10/05/2021 12:38;Documento_64621_Perm_9;0;0
10/05/2021 12:38;Documento_80185;1;1
10/05/2021 12:38;Documento_68111_Perm_11;0;0
10/05/2021 12:38;Documento_68111;1;1
10/05/2021 12:38;Documento_68111_Perm_1;0;0
10/05/2021 12:38;Documento_68111;1;1
10/05/2021 12:38;Documento_68111_Perm_15;0;0
10/05/2021 12:38;Documento_68115;1;1
10/05/2021 12:38;Documento_68115_Perm_12;0;0
10/05/2021 12:38;Documento_64767;1;1
10/05/2021 12:38;Documento_46041;1;1
10/05/2021 12:38;Documento_72986_Perm_18;0;0
10/05/2021 12:38;Documento_72986;1;1
10/05/2021 12:38;Documento_72986_Perm_1;0;0
10/05/2021 12:38;Documento_72986;1;1
10/05/2021 12:38;Documento_72986_Perm_3;0;0
10/05/2021 12:38;Documento_72986;1;1
10/05/2021 12:38;Documento_72986_Perm_4;0;1
10/05/2021 12:38;Documento_101028_Perm_19;0;0
10/05/2021 12:38;Documento_46147;1;1
10/05/2021 12:38;Documento_46147_Perm_3;0;0
10/05/2021 12:38;Documento_46147;1;1
10/05/2021 12:38;Documento_46147_Perm_10;0;0
10/05/2021 12:38;Documento_46147;1;1
10/05/2021 12:38;Documento_46147_Perm_18;0;0
10/05/2021 12:38;Documento_46147;1;1
10/05/2021 12:38;Documento_88290_Perm_14;0;0
10/05/2021 12:38;Documento_101028;1;1
10/05/2021 12:38;Documento_46147_Perm_16;0;0
10/05/2021 12:38;Documento_54365;1;1
10/05/2021 12:38;Documento_54365_Perm_8;0;0
10/05/2021 12:38;Documento_50639;1;1
10/05/2021 12:38;Documento_50639_Perm_11;0;0
10/05/2021 12:38;Documento_50639;1;1
10/05/2021 12:38;Documento_49669_Perm_3;0;0
10/05/2021 12:38;Documento_49669;1;1
10/05/2021 12:38;Documento_64302_Perm_3;0;0
10/05/2021 12:38;Documento_64302;1;1
10/05/2021 12:38;Documento_64302_Perm_18;0;0
10/05/2021 12:38;Documento_64302;1;1
10/05/2021 12:38;Documento_64302_Perm_8;0;0
10/05/2021 12:38;Documento_64277;1;1
10/05/2021 12:38;Documento_81681;1;1
10/05/2021 12:38;Documento_81681_Perm_19;0;0
10/05/2021 12:38;Documento_81681;1;1
10/05/2021 12:38;Documento_81681_Perm_3;0;0
10/05/2021 12:38;Documento_108893;1;1
10/05/2021 12:38;Documento_108893_Perm_19;0;0
10/05/2021 12:38;Documento_108892;1;1
10/05/2021 12:38;Documento_108892_Perm_10;0;0
10/05/2021 12:38;Documento_51223;1;1
10/05/2021 12:38;Documento_51223_Perm_13;0;0
10/05/2021 12:38;Documento_102365;1;1
10/05/2021 12:38;Documento_102365_Perm_7;0;0
10/05/2021 12:38;Documento_102365;1;1
10/05/2021 12:38;Documento_102365_Perm_16;0;0
10/05/2021 12:38;Documento_65353;1;1
10/05/2021 12:38;Documento_65353_Perm_18;0;0
10/05/2021 12:38;Documento_66245;1;1
10/05/2021 12:38;Documento_66245_Perm_19;0;0
10/05/2021 12:38;Documento_64285;1;1
10/05/2021 12:38;Documento_50712_Perm_0;0;0
10/05/2021 12:38;Documento_62888;1;1
10/05/2021 12:38;Documento_62888_Perm_3;0;0
10/05/2021 12:38;Documento_62888;1;1
10/05/2021 12:38;Documento_62888_Perm_9;0;0
10/05/2021 12:38;Documento_103620;1;1
10/05/2021 12:38;Documento_103620_Perm_4;0;0
10/05/2021 12:38;Documento_41525;1;1
10/05/2021 12:38;Documento_41525_Perm_9;0;0
10/05/2021 12:38;Documento_41525;1;1
10/05/2021 12:38;Documento_41525_Perm_16;0;0
10/05/2021 12:38;Documento_41525;1;1
10/05/2021 12:38;Documento_41525_Perm_8;0;0
10/05/2021 12:38;Documento_108892;1;1
10/05/2021 12:38;Documento_108892_Perm_0;0;0
10/05/2021 12:38;Documento_108890;1;1
10/05/2021 12:38;Documento_108890_Perm_2;0;0
10/05/2021 12:38;Documento_108891;1;1
10/05/2021 12:38;Documento_108891_Perm_11;0;0
10/05/2021 12:38;Documento_108891;1;1
10/05/2021 12:38;Documento_108891_Perm_2;0;0
10/05/2021 12:38;Documento_64260_Perm_8;0;0
10/05/2021 12:38;Documento_64293;1;1
10/05/2021 12:38;Documento_64293_Perm_15;0;0
10/05/2021 12:38;Documento_64293;1;1
10/05/2021 12:38;Documento_64293_Perm_10;0;0
10/05/2021 12:38;Documento_64293;1;1
10/05/2021 12:38;Documento_64293_Perm_6;0;0
10/05/2021 12:38;Documento_64293;1;1
10/05/2021 12:38;Documento_49645_Perm_5;0;0
10/05/2021 12:38;Documento_49645;1;1
10/05/2021 12:38;Documento_49645_Perm_13;0;0
10/05/2021 12:38;Documento_49645;1;1
10/05/2021 12:38;Documento_64262_Perm_12;0;0
10/05/2021 12:38;Documento_109314;1;1
10/05/2021 12:38;Documento_109314_Perm_8;0;0
10/05/2021 12:38;Documento_109314;1;1
10/05/2021 12:38;Documento_94912_Perm_19;0;0
10/05/2021 12:38;Documento_94912;1;1
10/05/2021 12:38;Documento_94912_Perm_9;0;0
10/05/2021 12:38;Documento_74928;1;1
10/05/2021 12:38;Documento_74928_Perm_18;0;0
10/05/2021 12:38;Documento_74928;1;1
10/05/2021 12:38;Documento_74928_Perm_12;0;0
10/05/2021 12:38;Documento_66256;1;1
10/05/2021 12:38;Documento_93278_Perm_15;0;0
10/05/2021 12:38;Documento_42115;1;1
10/05/2021 12:38;Documento_42115_Perm_0;0;1
10/05/2021 12:38;Documento_29336;1;1
10/05/2021 12:38;Documento_29336_Perm_7;0;0
10/05/2021 12:38;Documento_29336;1;1
10/05/2021 12:38;Documento_29336_Perm_13;0;0
10/05/2021 12:38;Documento_29336;1;1
10/05/2021 12:38;Documento_62349_Perm_12;0;0
10/05/2021 12:38;Documento_49613;1;1
10/05/2021 12:38;Documento_49613_Perm_16;0;0
10/05/2021 12:38;Documento_49613;1;1
10/05/2021 12:38;Documento_49613_Perm_19;0;0
10/05/2021 12:38;Documento_49613;1;1
10/05/2021 12:38;Documento_49613_Perm_15;0;0
10/05/2021 12:38;Documento_82054;1;1
10/05/2021 12:38;Documento_68124;1;1
10/05/2021 12:38;Documento_68124_Perm_3;0;0
10/05/2021 12:38;Documento_31812;1;1
10/05/2021 12:38;Documento_31812_Perm_9;0;0
10/05/2021 12:38;Documento_115829;1;1
10/05/2021 12:38;Documento_115829_Perm_0;0;0
10/05/2021 12:38;Documento_115829;1;1
10/05/2021 12:38;Documento_115829_Perm_16;0;0
10/05/2021 12:38;Documento_86303;1;1
10/05/2021 12:38;Documento_86303_Perm_4;0;0
10/05/2021 12:38;Documento_63400;1;1
10/05/2021 12:38;Documento_63400_Perm_11;0;0
10/05/2021 12:38;Documento_63400;1;1
10/05/2021 12:38;Documento_63400_Perm_9;0;0
10/05/2021 12:38;Documento_29869;1;1
10/05/2021 12:38;Documento_29869_Perm_4;0;0
10/05/2021 12:38;Documento_64269;1;1
10/05/2021 12:38;Documento_64269_Perm_18;0;0
10/05/2021 12:38;Documento_64269;1;1
10/05/2021 12:38;Documento_64269_Perm_3;0;0
10/05/2021 12:38;Documento_64269;1;1
10/05/2021 12:38;Documento_64269_Perm_9;0;0
10/05/2021 12:38;Documento_64306;1;1
10/05/2021 12:38;Documento_64306_Perm_1;0;0
10/05/2021 12:38;Documento_34438_Perm_1;0;0
10/05/2021 12:38;Documento_89396;1;1
10/05/2021 12:38;Documento_89396_Perm_19;0;1
10/05/2021 12:38;Documento_89396;1;1
10/05/2021 12:38;Documento_100908_Perm_13;0;0
10/05/2021 12:38;Documento_100908;1;1
10/05/2021 12:38;Documento_100908_Perm_14;0;0
10/05/2021 12:38;Documento_111125;1;1
10/05/2021 12:38;Documento_68124;1;1
10/05/2021 12:38;Documento_68124_Perm_17;0;0
10/05/2021 12:38;Documento_115829;1;1
10/05/2021 12:38;Documento_115829_Perm_14;0;0
10/05/2021 12:38;Documento_89429;1;1
10/05/2021 12:38;Documento_89429_Perm_1;0;0
10/05/2021 12:38;Documento_46041;1;1
10/05/2021 12:38;Documento_46041_Perm_11;0;0
10/05/2021 12:38;Documento_103626_Perm_2;0;0
10/05/2021 12:38;Documento_41529;1;1
10/05/2021 12:38;Documento_41529_Perm_15;0;0
10/05/2021 12:38;Documento_80642;1;1
10/05/2021 12:38;Documento_80642_Perm_5;0;0
10/05/2021 12:38;Documento_80642;1;1
10/05/2021 12:38;Documento_80642_Perm_16;0;0
10/05/2021 12:38;Documento_80642;1;1
10/05/2021 12:38;Documento_49677_Perm_16;0;0
10/05/2021 12:38;Documento_49677;1;1
10/05/2021 12:38;Documento_49677_Perm_19;0;0
10/05/2021 12:38;Documento_49677;1;1
10/05/2021 12:38;Documento_49677_Perm_0;0;0
10/05/2021 12:38;Documento_68254;1;1
10/05/2021 12:38;Documento_68254_Perm_11;0;0
10/05/2021 12:38;Documento_68254;1;1
10/05/2021 12:38;Documento_83701;1;1
10/05/2021 12:38;Documento_83701_Perm_3;0;1
10/05/2021 12:38;Documento_117471;1;1
10/05/2021 12:38;Documento_117471_Perm_9;0;0
10/05/2021 12:38;Documento_117471;1;1
10/05/2021 12:38;Documento_117471_Perm_8;0;0
10/05/2021 12:38;Documento_64256;1;1
10/05/2021 12:38;Documento_64256_Perm_18;0;0
10/05/2021 12:38;Documento_100776_Perm_6;0;0
10/05/2021 12:38;Documento_100776;1;1
10/05/2021 12:38;Documento_100776_Perm_10;0;0
10/05/2021 12:38;Documento_41528;1;1
10/05/2021 12:38;Documento_41528_Perm_17;0;0
10/05/2021 12:38;Documento_41527;1;1
10/05/2021 12:38;Documento_41527_Perm_0;0;0
10/05/2021 12:38;Documento_41527;1;1
10/05/2021 12:38;Documento_115083_Perm_2;0;0
10/05/2021 12:38;Documento_48731;1;1
10/05/2021 12:38;Documento_48731_Perm_9;0;0
10/05/2021 12:38;Documento_48731;1;1
10/05/2021 12:38;Documento_48731_Perm_7;0;0
10/05/2021 12:38;Documento_44201;1;1
10/05/2021 12:38;Documento_44201_Perm_8;0;1
10/05/2021 12:38;Documento_44201;1;1
10/05/2021 12:38;Documento_101525_Perm_11;0;0
10/05/2021 12:38;Documento_101525;1;1
10/05/2021 12:38;Documento_101525_Perm_0;0;0
10/05/2021 12:38;Documento_64290;1;1
10/05/2021 12:38;Documento_64290_Perm_9;0;0
10/05/2021 12:38;Documento_64290;1;1
10/05/2021 12:38;Documento_64290_Perm_2;0;0
10/05/2021 12:38;Documento_64290;1;1
10/05/2021 12:38;Documento_85460;1;1
10/05/2021 12:38;Documento_85460_Perm_12;0;0
10/05/2021 12:38;Documento_66248;1;1
10/05/2021 12:38;Documento_66248_Perm_3;0;0
10/05/2021 12:38;Documento_66248;1;1
10/05/2021 12:38;Documento_66248_Perm_0;0;0
10/05/2021 12:38;Documento_94912;1;1
10/05/2021 12:38;Documento_94912_Perm_11;0;0
10/05/2021 12:38;Documento_62932;1;1
10/05/2021 12:38;Documento_62932_Perm_9;0;0
10/05/2021 12:38;Documento_84337;1;1
10/05/2021 12:38;Documento_84337_Perm_15;0;0
10/05/2021 12:38;Documento_84337;1;1
10/05/2021 12:38;Documento_84337_Perm_16;0;0
10/05/2021 12:38;Documento_88555;1;1
10/05/2021 12:38;Documento_88555_Perm_19;0;0
10/05/2021 12:38;Documento_62941;1;1
10/05/2021 12:38;Documento_62941_Perm_10;0;0
10/05/2021 12:38;Documento_105317;1;1
10/05/2021 12:38;Documento_105317_Perm_9;0;1
10/05/2021 12:38;Documento_105317;1;1
10/05/2021 12:38;Documento_105317_Perm_18;0;0
10/05/2021 12:38;Documento_121175;1;1
10/05/2021 12:38;Documento_121175_Perm_2;0;0
10/05/2021 12:38;Documento_66227_Perm_18;0;0
10/05/2021 12:38;Documento_64258;1;1
10/05/2021 12:38;Documento_64258_Perm_8;0;0
10/05/2021 12:38;Documento_64258;1;1
10/05/2021 12:38;Documento_64258_Perm_1;0;0
10/05/2021 12:38;Documento_62900;1;1
10/05/2021 12:38;Documento_62900_Perm_0;0;0
10/05/2021 12:38;Documento_62900;1;1
10/05/2021 12:38;Documento_64255_Perm_4;0;0
10/05/2021 12:38;Documento_64255;1;1
10/05/2021 12:38;Documento_64255_Perm_15;0;0
10/05/2021 12:38;Documento_44408;1;1
10/05/2021 12:38;Documento_44408_Perm_9;0;0
10/05/2021 12:38;Documento_44408;1;1
10/05/2021 12:38;Documento_44408_Perm_12;0;0
10/05/2021 12:38;Documento_44408;1;1
10/05/2021 12:38;Documento_63391;1;1
10/05/2021 12:38;Documento_63391_Perm_5;0;0
10/05/2021 12:38;Documento_63391;1;1
10/05/2021 12:38;Documento_63391_Perm_7;0;0
10/05/2021 12:38;Documento_63391;1;1
10/05/2021 12:38;Documento_63391_Perm_0;0;0
10/05/2021 12:38;Documento_63391;1;1
10/05/2021 12:38;Documento_63391_Perm_1;0;0
10/05/2021 12:38;Documento_80393_Perm_10;0;0
10/05/2021 12:38;Documento_92453;1;1
10/05/2021 12:38;Documento_92453_Perm_18;0;0
10/05/2021 12:38;Documento_92453;1;1
10/05/2021 12:38;Documento_92453_Perm_7;0;0
10/05/2021 12:38;Documento_92452;1;1
10/05/2021 12:38;Documento_92452_Perm_9;0;0
10/05/2021 12:38;Documento_50676;1;1
10/05/2021 12:38;Documento_62349;1;1
10/05/2021 12:38;Documento_62349_Perm_19;0;0
10/05/2021 12:38;Documento_62349;1;1
10/05/2021 12:38;Documento_82054_Perm_8;0;0
10/05/2021 12:38;Documento_82054;1;1
10/05/2021 12:38;Documento_82054_Perm_11;0;0
10/05/2021 12:38;Documento_79139;1;1
10/05/2021 12:38;Documento_79139_Perm_15;0;0
10/05/2021 12:38;Documento_101034_Perm_12;0;0
10/05/2021 12:38;Documento_31772;1;1
10/05/2021 12:38;Documento_31772_Perm_10;0;0
10/05/2021 12:38;Documento_31772;1;1
10/05/2021 12:38;Documento_31772_Perm_3;0;0
10/05/2021 12:38;Documento_65335;1;1
10/05/2021 12:38;Documento_65335_Perm_12;0;0
10/05/2021 12:38;Documento_65335;1;1
10/05/2021 12:38;Documento_103620;1;1
10/05/2021 12:38;Documento_103620_Perm_19;0;0
10/05/2021 12:38;Documento_103620;1;1
10/05/2021 12:38;Documento_103620_Perm_0;0;0
10/05/2021 12:38;Documento_103626;1;1
10/05/2021 12:38;Documento_103626_Perm_17;0;0
10/05/2021 12:38;Documento_103626;1;1
10/05/2021 12:38;Documento_80642_Perm_12;0;0
10/05/2021 12:38;Documento_62957;1;1
10/05/2021 12:38;Documento_62957_Perm_19;0;0
10/05/2021 12:38;Documento_62957;1;1
10/05/2021 12:38;Documento_62957_Perm_15;0;0
10/05/2021 12:38;Documento_62957;1;1
10/05/2021 12:38;Documento_62957_Perm_5;0;0
10/05/2021 12:38;Documento_62957;1;1
10/05/2021 12:38;Documento_62957_Perm_10;0;0
10/05/2021 12:38;Documento_74940_Perm_17;0;0
10/05/2021 12:38;Documento_74940;1;1
10/05/2021 12:38;Documento_74940_Perm_13;0;0
10/05/2021 12:38;Documento_36137;1;1
10/05/2021 12:38;Documento_36137_Perm_5;0;0
10/05/2021 12:38;Documento_47999;1;1
10/05/2021 12:38;Documento_47999_Perm_9;0;0
10/05/2021 12:38;Documento_47999;1;1
10/05/2021 12:38;Documento_68112;1;1
10/05/2021 12:38;Documento_68112_Perm_11;0;0
10/05/2021 12:38;Documento_102699;1;1
10/05/2021 12:38;Documento_102699_Perm_17;0;0
10/05/2021 12:38;Documento_102699;1;1
10/05/2021 12:38;Documento_102699_Perm_3;0;0
10/05/2021 12:38;Documento_88854;1;1
10/05/2021 12:38;Documento_88854_Perm_13;0;0
10/05/2021 12:38;Documento_42139_Perm_15;0;0
10/05/2021 12:38;Documento_42139;1;1
10/05/2021 12:38;Documento_42139_Perm_6;0;0
10/05/2021 12:38;Documento_42139;1;1
10/05/2021 12:38;Documento_42139_Perm_3;0;0
10/05/2021 12:38;Documento_108891;1;1
10/05/2021 12:38;Documento_108891_Perm_7;0;0
10/05/2021 12:38;Documento_90792;1;1
10/05/2021 12:38;Documento_112194_Perm_8;0;0
10/05/2021 12:38;Documento_112194;1;1
10/05/2021 12:38;Documento_112194_Perm_1;0;0
10/05/2021 12:38;Documento_53610;1;1
10/05/2021 12:38;Documento_53610_Perm_2;0;0
10/05/2021 12:38;Documento_53610;1;1
10/05/2021 12:38;Documento_53610_Perm_13;0;0
10/05/2021 12:38;Documento_106369;1;1
10/05/2021 12:38;Documento_85460;1;1
10/05/2021 12:38;Documento_85460_Perm_15;0;0
10/05/2021 12:38;Documento_94912;1;1
10/05/2021 12:38;Documento_66256_Perm_15;0;0
10/05/2021 12:38;Documento_66256;1;1
10/05/2021 12:38;Documento_66256_Perm_3;0;0
10/05/2021 12:38;Documento_66246;1;1
10/05/2021 12:38;Documento_66246_Perm_2;0;0
10/05/2021 12:38;Documento_66225;1;1
10/05/2021 12:38;Documento_66225_Perm_12;0;0
10/05/2021 12:38;Documento_62886;1;1
10/05/2021 12:38;Documento_62886_Perm_14;0;0
10/05/2021 12:38;Documento_62886;1;1
10/05/2021 12:38;Documento_62886_Perm_0;0;0
10/05/2021 12:38;Documento_66245;1;1
10/05/2021 12:38;Documento_66245_Perm_6;0;0
10/05/2021 12:38;Documento_64280;1;1
10/05/2021 12:38;Documento_64280_Perm_8;0;0
10/05/2021 12:38;Documento_64286;1;1
10/05/2021 12:38;Documento_64286_Perm_0;0;0
10/05/2021 12:38;Documento_106671;1;1
10/05/2021 12:38;Documento_106671_Perm_11;0;1
10/05/2021 12:38;Documento_67695;1;1
10/05/2021 12:38;Documento_67695_Perm_1;0;0
10/05/2021 12:38;Documento_62919;1;1
10/05/2021 12:38;Documento_62919_Perm_2;0;0
10/05/2021 12:38;Documento_62919;1;1
10/05/2021 12:38;Documento_62919_Perm_18;0;0
10/05/2021 12:38;Documento_62919;1;1
10/05/2021 12:38;Documento_62919_Perm_19;0;0
10/05/2021 12:38;Documento_62919;1;1
10/05/2021 12:38;Documento_62919_Perm_5;0;0
10/05/2021 12:38;Documento_62907;1;1
10/05/2021 12:38;Documento_62907_Perm_11;0;0
10/05/2021 12:38;Documento_62901;1;1
10/05/2021 12:38;Documento_62901_Perm_10;0;0
10/05/2021 12:38;Documento_62901;1;1
10/05/2021 12:38;Documento_62901_Perm_8;0;0
10/05/2021 12:38;Documento_62958;1;1
10/05/2021 12:38;Documento_62958_Perm_2;0;0
10/05/2021 12:38;Documento_62929_Perm_5;0;0
10/05/2021 12:38;Documento_62929;1;1
10/05/2021 12:38;Documento_62929_Perm_18;0;0
10/05/2021 12:38;Documento_62929;1;1
10/05/2021 12:38;Documento_62929_Perm_13;0;0
10/05/2021 12:38;Documento_62929;1;1
10/05/2021 12:38;Documento_62929_Perm_11;0;0
10/05/2021 12:38;Documento_109074;1;1
10/05/2021 12:38;Documento_47421_Perm_5;0;0
10/05/2021 12:38;Documento_47421;1;1
10/05/2021 12:38;Documento_47421_Perm_17;0;0
10/05/2021 12:38;Documento_114761;1;1
10/05/2021 12:38;Documento_114761_Perm_2;0;0
10/05/2021 12:38;Documento_114761;1;1
10/05/2021 12:38;Documento_114761_Perm_15;0;0
10/05/2021 12:38;Documento_46656;1;1
10/05/2021 12:38;Documento_62905_Perm_0;0;0
10/05/2021 12:38;Documento_64259;1;1
10/05/2021 12:38;Documento_64259_Perm_14;0;0
10/05/2021 12:38;Documento_64259;1;1
10/05/2021 12:38;Documento_64259_Perm_3;0;0
10/05/2021 12:38;Documento_64307;1;1
10/05/2021 12:38;Documento_64307_Perm_15;0;0
10/05/2021 12:38;Documento_62936;1;1
10/05/2021 12:38;Documento_103594;1;1
10/05/2021 12:38;Documento_103594_Perm_4;0;0
10/05/2021 12:38;Documento_103594;1;1
10/05/2021 12:38;Documento_103594_Perm_3;0;0
10/05/2021 12:38;Documento_110361;1;1
10/05/2021 12:38;Documento_110361_Perm_17;0;0
10/05/2021 12:38;Documento_110361;1;1
10/05/2021 12:38;Documento_110361_Perm_18;0;0
10/05/2021 12:38;Documento_75477;1;1
10/05/2021 12:38;Documento_75477_Perm_16;0;0
10/05/2021 12:38;Documento_121062;1;1
10/05/2021 12:38;Documento_121062_Perm_6;0;0
10/05/2021 12:38;Documento_64776;1;0
10/05/2021 12:38;Documento_64776_Perm_2;0;0
10/05/2021 12:38;Documento_61441;1;1
10/05/2021 12:38;Documento_36445_Perm_7;0;0
10/05/2021 12:38;Documento_63527;1;1
10/05/2021 12:38;Documento_63527_Perm_12;0;0
10/05/2021 12:38;Documento_73530;1;1
10/05/2021 12:38;Documento_73530_Perm_15;0;0
10/05/2021 12:38;Documento_73530;1;1
10/05/2021 12:38;Documento_73530_Perm_18;0;0
10/05/2021 12:38;Documento_73530;1;1
10/05/2021 12:38;Documento_73530_Perm_13;0;0
10/05/2021 12:38;Documento_47454_Perm_13;0;0
10/05/2021 12:38;Documento_47454;1;1
10/05/2021 12:38;Documento_47454_Perm_6;0;0
10/05/2021 12:38;Documento_47454;1;1
10/05/2021 12:38;Documento_47454_Perm_19;0;0
10/05/2021 12:38;Documento_47454;1;1
10/05/2021 12:38;Documento_47454_Perm_7;0;0
10/05/2021 12:38;Documento_47454;1;1
10/05/2021 12:38;Documento_47421;1;1
10/05/2021 12:38;Documento_46656_Perm_9;0;0
10/05/2021 12:38;Documento_47397;1;1
10/05/2021 12:38;Documento_44567_Perm_6;0;0
10/05/2021 12:38;Documento_44567;1;1
10/05/2021 12:38;Documento_44567_Perm_19;0;0
10/05/2021 12:38;Documento_80393;1;1
10/05/2021 12:38;Documento_50676_Perm_14;0;0
10/05/2021 12:38;Documento_64295_Perm_1;0;0
10/05/2021 12:38;Documento_64295;1;1
10/05/2021 12:38;Documento_64295_Perm_9;0;0
10/05/2021 12:38;Documento_62955;1;1
10/05/2021 12:38;Documento_62955_Perm_4;0;0
10/05/2021 12:38;Documento_62955;1;1
10/05/2021 12:38;Documento_62955_Perm_14;0;0
10/05/2021 12:38;Documento_62955;1;1
10/05/2021 12:38;Documento_47469;1;1
10/05/2021 12:38;Documento_47469_Perm_3;0;0
10/05/2021 12:38;Documento_49946;1;1
10/05/2021 12:38;Documento_49946_Perm_12;0;0
10/05/2021 12:38;Documento_62897;1;1
10/05/2021 12:38;Documento_62897_Perm_9;0;0
10/05/2021 12:38;Documento_34233;1;1
10/05/2021 12:38;Documento_34233_Perm_15;0;1
10/05/2021 12:38;Documento_64304;1;1
10/05/2021 12:38;Documento_64304_Perm_0;0;0
10/05/2021 12:38;Documento_64299;1;1
10/05/2021 12:38;Documento_64299_Perm_9;0;0
10/05/2021 12:38;Documento_64299;1;1
10/05/2021 12:38;Documento_64299_Perm_13;0;0
10/05/2021 12:38;Documento_64305;1;1
10/05/2021 12:38;Documento_64305_Perm_8;0;0
10/05/2021 12:38;Documento_56279;1;1
10/05/2021 12:38;Documento_56279_Perm_7;0;0
10/05/2021 12:38;Documento_62349;1;1
10/05/2021 12:38;Documento_62349_Perm_15;0;0
10/05/2021 12:38;Documento_62349;1;1
10/05/2021 12:38;Documento_62349_Perm_11;0;0
10/05/2021 12:38;Documento_79139;1;1
10/05/2021 12:38;Documento_79139_Perm_10;0;0
10/05/2021 12:38;Documento_62918_Perm_7;0;0
10/05/2021 12:38;Documento_108657;1;1
10/05/2021 12:38;Documento_108657_Perm_12;0;0
10/05/2021 12:38;Documento_108657;1;1
10/05/2021 12:38;Documento_108657_Perm_17;0;0
10/05/2021 12:38;Documento_108657;1;1
10/05/2021 12:38;Documento_108657_Perm_1;0;0
10/05/2021 12:38;Documento_36927;1;1
10/05/2021 12:38;Documento_62892;1;1
10/05/2021 12:38;Documento_62892_Perm_2;0;0
10/05/2021 12:38;Documento_64274;1;1
10/05/2021 12:38;Documento_64274_Perm_17;0;0
10/05/2021 12:38;Documento_64260;1;1
10/05/2021 12:38;Documento_64293_Perm_7;0;0
10/05/2021 12:38;Documento_64293;1;1
10/05/2021 12:38;Documento_64293_Perm_19;0;0
10/05/2021 12:38;Documento_40353_Perm_2;0;0
10/05/2021 12:38;Documento_105965;1;1
10/05/2021 12:38;Documento_105965_Perm_12;0;0
10/05/2021 12:38;Documento_105965;1;1
10/05/2021 12:38;Documento_105965_Perm_7;0;0
10/05/2021 12:38;Documento_105965;1;1
10/05/2021 12:38;Documento_105965_Perm_5;0;0
10/05/2021 12:38;Documento_74951;1;1
10/05/2021 12:38;Documento_62920_Perm_16;0;0
10/05/2021 12:38;Documento_48946;1;1
10/05/2021 12:38;Documento_48946_Perm_19;0;0
10/05/2021 12:38;Documento_64304;1;1
10/05/2021 12:38;Documento_64304_Perm_12;0;0
10/05/2021 12:38;Documento_64305;1;1
10/05/2021 12:38;Documento_64305_Perm_19;0;0
10/05/2021 12:38;Documento_64305;1;1
10/05/2021 12:38;Documento_40559;1;1
10/05/2021 12:38;Documento_40559_Perm_14;0;0
10/05/2021 12:38;Documento_93584;1;1
10/05/2021 12:38;Documento_103630_Perm_18;0;0
10/05/2021 12:38;Documento_88143;1;1
10/05/2021 12:38;Documento_88143_Perm_13;0;0
10/05/2021 12:38;Documento_88143;1;1
10/05/2021 12:38;Documento_88143_Perm_19;0;0
10/05/2021 12:38;Documento_93785;1;1
10/05/2021 12:38;Documento_93785_Perm_17;0;0
10/05/2021 12:38;Documento_61674;1;1
10/05/2021 12:38;Documento_61674_Perm_4;0;0
10/05/2021 12:38;Documento_61674;1;1
10/05/2021 12:38;Documento_61674_Perm_0;0;0
10/05/2021 12:38;Documento_61674;1;1
10/05/2021 12:38;Documento_61674_Perm_3;0;0
10/05/2021 12:38;Documento_106082;1;1
10/05/2021 12:38;Documento_106082_Perm_10;0;0
10/05/2021 12:38;Documento_106082;1;1
10/05/2021 12:38;Documento_106082_Perm_1;0;0
10/05/2021 12:38;Documento_106082;1;1
10/05/2021 12:38;Documento_106082_Perm_13;0;0
10/05/2021 12:38;Documento_60446;1;1
10/05/2021 12:38;Documento_60446_Perm_1;0;0
10/05/2021 12:38;Documento_31055_Perm_19;0;0
10/05/2021 12:38;Documento_31055;1;1
10/05/2021 12:38;Documento_31055_Perm_15;0;0
10/05/2021 12:38;Documento_31055;1;1
10/05/2021 12:38;Documento_31055_Perm_8;0;0
10/05/2021 12:38;Documento_47567;1;1
10/05/2021 12:38;Documento_47567_Perm_16;0;0
10/05/2021 12:38;Documento_115348;1;1
10/05/2021 12:38;Documento_62938;1;1
10/05/2021 12:38;Documento_62938_Perm_15;0;0
10/05/2021 12:38;Documento_62938;1;1
10/05/2021 12:38;Documento_62938_Perm_16;0;0
10/05/2021 12:38;Documento_62938;1;1
10/05/2021 12:38;Documento_62938_Perm_7;0;0
10/05/2021 12:38;Documento_62938;1;1
10/05/2021 12:38;Documento_62938_Perm_11;0;0
10/05/2021 12:38;Documento_62995;1;1
10/05/2021 12:38;Documento_62995_Perm_6;0;0
10/05/2021 12:38;Documento_51538;1;1
10/05/2021 12:38;Documento_51538_Perm_3;0;1
10/05/2021 12:38;Documento_51538;1;1
10/05/2021 12:38;Documento_51538_Perm_4;0;0
10/05/2021 12:38;Documento_51538;1;1
10/05/2021 12:38;Documento_51538_Perm_5;0;0
10/05/2021 12:38;Documento_67695_Perm_10;0;0
10/05/2021 12:38;Documento_67695;1;1
10/05/2021 12:38;Documento_103617_Perm_4;0;0
10/05/2021 12:38;Documento_46887;1;1
10/05/2021 12:38;Documento_46887_Perm_18;0;0
10/05/2021 12:38;Documento_46887;1;1
10/05/2021 12:38;Documento_46887_Perm_10;0;0
10/05/2021 12:38;Documento_119760;1;1
10/05/2021 12:38;Documento_107124;1;1
10/05/2021 12:38;Documento_107124_Perm_6;0;0
10/05/2021 12:38;Documento_107124;1;1
10/05/2021 12:38;Documento_107124_Perm_10;0;0
10/05/2021 12:38;Documento_107125;1;1
10/05/2021 12:38;Documento_107125_Perm_8;0;0
10/05/2021 12:38;Documento_107125;1;1
10/05/2021 12:38;Documento_107125_Perm_18;0;0
10/05/2021 12:38;Documento_66246;1;1
10/05/2021 12:38;Documento_66246_Perm_11;0;0
10/05/2021 12:38;Documento_64295;1;1
10/05/2021 12:38;Documento_64295_Perm_13;0;0
10/05/2021 12:38;Documento_64295;1;1
10/05/2021 12:38;Documento_62955_Perm_2;0;0
10/05/2021 12:38;Documento_66244;1;1
10/05/2021 12:38;Documento_66244_Perm_17;0;0
10/05/2021 12:38;Documento_52050_Perm_18;0;1
10/05/2021 12:38;Documento_61016;1;1
10/05/2021 12:38;Documento_80659_Perm_14;0;0
10/05/2021 12:38;Documento_47613;1;1
10/05/2021 12:38;Documento_47613_Perm_3;0;0
10/05/2021 12:38;Documento_47580;1;1
10/05/2021 12:38;Documento_47580_Perm_11;0;0
10/05/2021 12:38;Documento_47580;1;1
10/05/2021 12:38;Documento_62951;1;1
10/05/2021 12:38;Documento_62951_Perm_19;0;0
10/05/2021 12:38;Documento_62951;1;1
10/05/2021 12:38;Documento_62951_Perm_3;0;0
10/05/2021 12:38;Documento_62951;1;1
10/05/2021 12:38;Documento_62951_Perm_4;0;0
10/05/2021 12:38;Documento_62927;1;1
10/05/2021 12:38;Documento_62927_Perm_2;0;0
10/05/2021 12:38;Documento_56729;1;1
10/05/2021 12:38;Documento_56729_Perm_5;0;0
10/05/2021 12:38;Documento_56729;1;1
10/05/2021 12:38;Documento_56729_Perm_10;0;0
10/05/2021 12:38;Documento_114365;1;1
10/05/2021 12:38;Documento_114365_Perm_5;0;0
10/05/2021 12:38;Documento_114365;1;1
10/05/2021 12:38;Documento_114365_Perm_9;0;0
10/05/2021 12:38;Documento_64284;1;1
10/05/2021 12:38;Documento_62936_Perm_14;0;0
10/05/2021 12:38;Documento_62936;1;1
10/05/2021 12:38;Documento_62936_Perm_11;0;0
10/05/2021 12:38;Documento_62936;1;1
10/05/2021 12:38;Documento_62936_Perm_19;0;0
10/05/2021 12:38;Documento_62936;1;1
10/05/2021 12:38;Documento_62936_Perm_8;0;0
10/05/2021 12:38;Documento_47439_Perm_15;0;0
10/05/2021 12:38;Documento_50129;1;1
10/05/2021 12:38;Documento_52050_Perm_6;0;0
10/05/2021 12:38;Documento_52050;1;1
10/05/2021 12:38;Documento_47580_Perm_0;0;0
10/05/2021 12:38;Documento_47580;1;1
10/05/2021 12:38;Documento_47580_Perm_18;0;0
10/05/2021 12:38;Documento_47580;1;1
10/05/2021 12:38;Documento_101429;1;1
10/05/2021 12:38;Documento_101429_Perm_5;0;0
10/05/2021 12:38;Documento_101429;1;1
10/05/2021 12:38;Documento_101429_Perm_11;0;0
10/05/2021 12:38;Documento_101429;1;1
10/05/2021 12:38;Documento_101429_Perm_16;0;0
10/05/2021 12:38;Documento_101429;1;1
10/05/2021 12:38;Documento_101429_Perm_3;0;0
10/05/2021 12:38;Documento_118224;1;1
10/05/2021 12:38;Documento_118224_Perm_2;0;0
10/05/2021 12:38;Documento_118224;1;1
10/05/2021 12:38;Documento_118224_Perm_4;0;0
10/05/2021 12:38;Documento_118224;1;1
10/05/2021 12:38;Documento_118224_Perm_16;0;0
10/05/2021 12:38;Documento_69502;1;1
10/05/2021 12:38;Documento_69502_Perm_3;0;0
10/05/2021 12:38;Documento_66250;1;1
10/05/2021 12:38;Documento_66250_Perm_14;0;0
10/05/2021 12:38;Documento_66250;1;1
10/05/2021 12:38;Documento_66250_Perm_9;0;0
10/05/2021 12:38;Documento_66227;1;1
10/05/2021 12:38;Documento_62900_Perm_18;0;0
10/05/2021 12:38;Documento_62896;1;1
10/05/2021 12:38;Documento_62896_Perm_17;0;0
10/05/2021 12:38;Documento_62944_Perm_11;0;0
10/05/2021 12:38;Documento_62944;1;1
10/05/2021 12:38;Documento_62944_Perm_16;0;0
10/05/2021 12:38;Documento_62949;1;1
10/05/2021 12:38;Documento_62949_Perm_6;0;0
10/05/2021 12:38;Documento_62949;1;1
10/05/2021 12:38;Documento_62949_Perm_17;0;0
10/05/2021 12:38;Documento_62949;1;1
10/05/2021 12:38;Documento_64263_Perm_19;0;0
10/05/2021 12:38;Documento_65234;1;1
10/05/2021 12:38;Documento_65234_Perm_12;0;0
10/05/2021 12:38;Documento_62951;1;1
10/05/2021 12:38;Documento_62951_Perm_17;0;0
10/05/2021 12:38;Documento_62927;1;1
10/05/2021 12:38;Documento_62927_Perm_12;0;0
10/05/2021 12:38;Documento_62927;1;1
10/05/2021 12:38;Documento_51990;1;1
10/05/2021 12:38;Documento_51990_Perm_19;0;0
10/05/2021 12:38;Documento_51990;1;1
10/05/2021 12:38;Documento_51990_Perm_4;0;0
10/05/2021 12:38;Documento_104770;1;1
10/05/2021 12:38;Documento_104770_Perm_3;0;0
10/05/2021 12:38;Documento_104770;1;1
10/05/2021 12:38;Documento_104770_Perm_4;0;0
10/05/2021 12:38;Documento_47580_Perm_1;0;0
10/05/2021 12:38;Documento_103572;1;1
10/05/2021 12:38;Documento_103572_Perm_14;0;0
10/05/2021 12:38;Documento_56729;1;1
10/05/2021 12:38;Documento_56729_Perm_8;0;0
10/05/2021 12:38;Documento_114365;1;1
10/05/2021 12:38;Documento_114365_Perm_7;0;0
10/05/2021 12:38;Documento_106011;1;1
10/05/2021 12:38;Documento_37978_Perm_15;0;0
10/05/2021 12:38;Documento_37978;1;1
10/05/2021 12:38;Documento_37978_Perm_0;0;0
10/05/2021 12:38;Documento_37978;1;1
10/05/2021 12:38;Documento_37978_Perm_14;0;0
10/05/2021 12:38;Documento_37978;1;1
10/05/2021 12:38;Documento_37978_Perm_18;0;0
10/05/2021 12:38;Documento_101429;1;1
10/05/2021 12:38;Documento_100776;1;1
10/05/2021 12:38;Documento_100776_Perm_8;0;0
10/05/2021 12:38;Documento_100776;1;1
10/05/2021 12:38;Documento_41527_Perm_16;0;0
10/05/2021 12:38;Documento_41531;1;1
10/05/2021 12:38;Documento_41531_Perm_10;0;0
10/05/2021 12:38;Documento_41531;1;1
10/05/2021 12:38;Documento_41531_Perm_15;0;0
10/05/2021 12:38;Documento_62928_Perm_2;0;0
10/05/2021 12:38;Documento_62928;1;1
10/05/2021 12:38;Documento_62928_Perm_9;0;0
10/05/2021 12:38;Documento_62928;1;1
10/05/2021 12:38;Documento_62928_Perm_8;0;0
10/05/2021 12:38;Documento_62928;1;1
10/05/2021 12:38;Documento_62928_Perm_15;0;0
10/05/2021 12:38;Documento_62928;1;1
10/05/2021 12:38;Documento_64289_Perm_12;0;0
10/05/2021 12:38;Documento_64289;1;1
10/05/2021 12:38;Documento_64289_Perm_1;0;0
10/05/2021 12:38;Documento_62912;1;1
10/05/2021 12:38;Documento_62912_Perm_13;0;0
10/05/2021 12:38;Documento_80186;1;1
10/05/2021 12:38;Documento_80186_Perm_7;0;0
10/05/2021 12:38;Documento_101034;1;1
10/05/2021 12:38;Documento_68109;1;1
10/05/2021 12:38;Documento_68109_Perm_16;0;0
10/05/2021 12:38;Documento_68109;1;1
10/05/2021 12:38;Documento_68109_Perm_8;0;0
10/05/2021 12:38;Documento_68113;1;1
10/05/2021 12:38;Documento_68113_Perm_7;0;0
10/05/2021 12:38;Documento_68113;1;1
10/05/2021 12:38;Documento_68113_Perm_15;0;0
10/05/2021 12:38;Documento_50590;1;1
10/05/2021 12:38;Documento_50590_Perm_6;0;0
10/05/2021 12:38;Documento_50590;1;1
10/05/2021 12:38;Documento_50590_Perm_8;0;0
10/05/2021 12:38;Documento_85717;1;1
10/05/2021 12:38;Documento_85717_Perm_3;0;0
10/05/2021 12:38;Documento_85717;1;1
10/05/2021 12:38;Documento_85717_Perm_8;0;0
10/05/2021 12:38;Documento_75331;1;1
10/05/2021 12:38;Documento_75331_Perm_3;0;0
10/05/2021 12:38;Documento_112194;1;1
10/05/2021 12:38;Documento_106369_Perm_10;0;0
10/05/2021 12:38;Documento_106369;1;1
10/05/2021 12:38;Documento_106369_Perm_2;0;0
10/05/2021 12:38;Documento_68116;1;1
10/05/2021 12:38;Documento_68116_Perm_15;0;0
10/05/2021 12:38;Documento_88430;1;1
10/05/2021 12:38;Documento_49016_Perm_3;0;0
10/05/2021 12:38;Documento_41530;1;1
10/05/2021 12:38;Documento_41530_Perm_18;0;0
10/05/2021 12:38;Documento_41530;1;1
10/05/2021 12:38;Documento_41530_Perm_19;0;0
10/05/2021 12:38;Documento_41530;1;1
10/05/2021 12:38;Documento_41530_Perm_6;0;0
10/05/2021 12:38;Documento_96688_Perm_3;0;0
10/05/2021 12:38;Documento_68118;1;1
10/05/2021 12:38;Documento_68118_Perm_7;0;0
10/05/2021 12:38;Documento_68118;1;1
10/05/2021 12:38;Documento_68118_Perm_9;0;0
10/05/2021 12:38;Documento_68118;1;1
10/05/2021 12:38;Documento_68118_Perm_2;0;0
10/05/2021 12:38;Documento_49677;1;1
10/05/2021 12:38;Documento_64296;1;1
10/05/2021 12:38;Documento_64296_Perm_2;0;0
10/05/2021 12:38;Documento_64300;1;1
10/05/2021 12:38;Documento_64300_Perm_4;0;0
10/05/2021 12:38;Documento_92075;1;1
10/05/2021 12:38;Documento_92075_Perm_9;0;0
10/05/2021 12:38;Documento_92075;1;1
10/05/2021 12:38;Documento_92075_Perm_13;0;0
10/05/2021 12:38;Documento_54239_Perm_7;0;1
10/05/2021 12:38;Documento_114255;1;1
10/05/2021 12:38;Documento_114255_Perm_14;0;0
10/05/2021 12:38;Documento_47469;1;1
10/05/2021 12:38;Documento_47469_Perm_12;0;0
10/05/2021 12:38;Documento_51455;1;1
10/05/2021 12:38;Documento_51455_Perm_11;0;0
10/05/2021 12:38;Documento_51455;1;1
10/05/2021 12:38;Documento_36931;1;1
10/05/2021 12:38;Documento_36931_Perm_16;0;0
10/05/2021 12:38;Documento_36931;1;1
10/05/2021 12:38;Documento_36931_Perm_9;0;0
10/05/2021 12:38;Documento_29823;1;1
10/05/2021 12:38;Documento_29823_Perm_3;0;0
10/05/2021 12:38;Documento_56279;1;1
10/05/2021 12:38;Documento_56279_Perm_19;0;0
10/05/2021 12:38;Documento_91527_Perm_8;0;1
10/05/2021 12:38;Documento_91527;1;1
10/05/2021 12:38;Documento_91527_Perm_0;0;0
10/05/2021 12:38;Documento_62892;1;1
10/05/2021 12:38;Documento_62892_Perm_1;0;0
10/05/2021 12:38;Documento_116775;1;1
10/05/2021 12:38;Documento_116775_Perm_13;0;0
10/05/2021 12:38;Documento_116775;1;1
10/05/2021 12:38;Documento_90792_Perm_12;0;0
10/05/2021 12:38;Documento_90792;1;1
10/05/2021 12:38;Documento_90792_Perm_9;0;0
10/05/2021 12:38;Documento_93278;1;1
10/05/2021 12:38;Documento_93278_Perm_6;0;0
10/05/2021 12:38;Documento_93278;1;1
10/05/2021 12:38;Documento_29336_Perm_2;0;1
10/05/2021 12:38;Documento_86303;1;1
10/05/2021 12:38;Documento_62956_Perm_10;0;0
10/05/2021 12:38;Documento_66239;1;1
10/05/2021 12:38;Documento_66239_Perm_15;0;0
10/05/2021 12:38;Documento_66239;1;1
10/05/2021 12:38;Documento_66239_Perm_12;0;0
10/05/2021 12:38;Documento_64270;1;1
10/05/2021 12:38;Documento_64270_Perm_13;0;0
10/05/2021 12:38;Documento_64270;1;1
10/05/2021 12:38;Documento_100384_Perm_8;0;0
10/05/2021 12:38;Documento_64283;1;1
10/05/2021 12:38;Documento_64283_Perm_1;0;0
10/05/2021 12:38;Documento_64283;1;1
10/05/2021 12:38;Documento_64283_Perm_12;0;0
10/05/2021 12:38;Documento_64283;1;1
10/05/2021 12:38;Documento_64283_Perm_13;0;0
10/05/2021 12:38;Documento_101525;1;1
10/05/2021 12:38;Documento_93876;1;1
10/05/2021 12:38;Documento_93876_Perm_17;0;0
10/05/2021 12:38;Documento_93876;1;1
10/05/2021 12:38;Documento_93876_Perm_7;0;0
10/05/2021 12:38;Documento_93876;1;1
10/05/2021 12:38;Documento_93876_Perm_12;0;0
10/05/2021 12:38;Documento_93876;1;1
10/05/2021 12:38;Documento_93876_Perm_2;0;0
10/05/2021 12:38;Documento_85717;1;1
10/05/2021 12:38;Documento_85717_Perm_0;0;0
10/05/2021 12:38;Documento_91527;1;1
10/05/2021 12:38;Documento_116775_Perm_12;0;0
10/05/2021 12:38;Documento_116775;1;1
10/05/2021 12:38;Documento_116775_Perm_18;0;0
10/05/2021 12:38;Documento_116775;1;1
10/05/2021 12:38;Documento_116775_Perm_5;0;0
10/05/2021 12:38;Documento_62914_Perm_11;0;0
10/05/2021 12:38;Documento_62914;1;1
10/05/2021 12:38;Documento_62914_Perm_9;0;0
10/05/2021 12:38;Documento_58155;1;1
10/05/2021 12:38;Documento_62898_Perm_15;0;0
10/05/2021 12:38;Documento_62903;1;1
10/05/2021 12:38;Documento_62903_Perm_3;0;0
10/05/2021 12:38;Documento_62957;1;1
10/05/2021 12:38;Documento_62902;1;1
10/05/2021 12:38;Documento_62902_Perm_7;0;0
10/05/2021 12:38;Documento_62255;1;1
10/05/2021 12:38;Documento_62255_Perm_17;0;0
10/05/2021 12:38;Documento_62255;1;1
10/05/2021 12:38;Documento_62255_Perm_9;0;0
10/05/2021 12:38;Documento_61458;1;1
10/05/2021 12:38;Documento_61458_Perm_0;0;0
10/05/2021 12:38;Documento_60522;1;1
10/05/2021 12:38;Documento_60522_Perm_13;0;0
10/05/2021 12:38;Documento_102199;1;1
10/05/2021 12:38;Documento_102199_Perm_3;0;0
10/05/2021 12:38;Documento_102199;1;1
10/05/2021 12:38;Documento_102199_Perm_11;0;0
10/05/2021 12:38;Documento_37978;1;1
10/05/2021 12:38;Documento_101429_Perm_8;0;0
10/05/2021 12:38;Documento_99489_Perm_15;0;0
10/05/2021 12:38;Documento_88555;1;1
10/05/2021 12:38;Documento_88555_Perm_18;0;0
10/05/2021 12:38;Documento_88555;1;1
10/05/2021 12:38;Documento_88555_Perm_14;0;0
10/05/2021 12:38;Documento_64294;1;1
10/05/2021 12:38;Documento_64294_Perm_18;0;0
10/05/2021 12:38;Documento_64294;1;1
10/05/2021 12:38;Documento_100310;1;1
10/05/2021 12:38;Documento_100310_Perm_16;0;0
10/05/2021 12:38;Documento_66243;1;1
10/05/2021 12:38;Documento_66243_Perm_10;0;0
10/05/2021 12:38;Documento_66243;1;1
10/05/2021 12:38;Documento_66243_Perm_1;0;0
10/05/2021 12:38;Documento_66243;1;1
10/05/2021 12:38;Documento_66243_Perm_13;0;0
10/05/2021 12:38;Documento_62941_Perm_6;0;0
10/05/2021 12:38;Documento_62941;1;1
10/05/2021 12:38;Documento_62941_Perm_11;0;0
10/05/2021 12:38;Documento_121175;1;1
10/05/2021 12:38;Documento_121175_Perm_4;0;0
10/05/2021 12:38;Documento_51452;1;1
10/05/2021 12:38;Documento_51452_Perm_5;0;0
10/05/2021 12:38;Documento_51452;1;1
10/05/2021 12:38;Documento_68114;1;1
10/05/2021 12:38;Documento_68114_Perm_9;0;0
10/05/2021 12:38;Documento_96716;1;1
10/05/2021 12:38;Documento_96716_Perm_15;0;0
10/05/2021 12:38;Documento_96716;1;1
10/05/2021 12:38;Documento_96716_Perm_10;0;0
10/05/2021 12:38;Documento_36904;1;1
10/05/2021 12:38;Documento_36904_Perm_0;0;0
10/05/2021 12:38;Documento_44944_Perm_8;0;0
10/05/2021 12:38;Documento_44944;1;1
10/05/2021 12:38;Documento_44944_Perm_15;0;0
10/05/2021 12:38;Documento_107126;1;1
10/05/2021 12:38;Documento_107126_Perm_6;0;0
10/05/2021 12:38;Documento_34438;1;1
10/05/2021 12:38;Documento_111125_Perm_11;0;0
10/05/2021 12:38;Documento_111125;1;1
10/05/2021 12:38;Documento_69502_Perm_9;0;0
10/05/2021 12:38;Documento_69502;1;1
10/05/2021 12:38;Documento_69502_Perm_0;0;0
10/05/2021 12:38;Documento_69502;1;1
10/05/2021 12:38;Documento_69502_Perm_14;0;0
10/05/2021 12:38;Documento_54239;1;1
10/05/2021 12:38;Documento_54239_Perm_9;0;0
10/05/2021 12:38;Documento_54239;1;1
10/05/2021 12:38;Documento_88346;1;1
10/05/2021 12:38;Documento_96149_Perm_7;0;0
10/05/2021 12:38;Documento_40353;1;1
10/05/2021 12:38;Documento_40353_Perm_3;0;0
10/05/2021 12:38;Documento_40353;1;1
10/05/2021 12:38;Documento_40353_Perm_15;0;0
10/05/2021 12:38;Documento_40353;1;1
10/05/2021 12:38;Documento_74951_Perm_11;0;0
10/05/2021 12:38;Documento_66241;1;1
10/05/2021 12:38;Documento_62887_Perm_13;0;0
10/05/2021 12:38;Documento_64298;1;1
10/05/2021 12:38;Documento_64298_Perm_9;0;0
10/05/2021 12:38;Documento_62891;1;1
10/05/2021 12:38;Documento_62891_Perm_14;0;0
10/05/2021 12:38;Documento_64288;1;1
10/05/2021 12:38;Documento_64288_Perm_5;0;0
10/05/2021 12:38;Documento_109202_Perm_16;0;0
10/05/2021 12:38;Documento_109202;1;1
10/05/2021 12:38;Documento_109202_Perm_0;0;0
10/05/2021 12:38;Documento_109202;1;1
10/05/2021 12:38;Documento_109202_Perm_8;0;0
10/05/2021 12:38;Documento_119790;1;1
10/05/2021 12:38;Documento_119790_Perm_11;0;0
10/05/2021 12:38;Documento_119790;1;1
10/05/2021 12:38;Documento_64272_Perm_1;0;0
10/05/2021 12:38;Documento_64272;1;1
10/05/2021 12:38;Documento_64272_Perm_11;0;0
10/05/2021 12:38;Documento_64272;1;1
10/05/2021 12:38;Documento_64272_Perm_19;0;0
10/05/2021 12:38;Documento_116650;1;1
10/05/2021 12:38;Documento_116650_Perm_4;0;0
10/05/2021 12:38;Documento_119788;1;1
10/05/2021 12:38;Documento_99421;1;1
10/05/2021 12:38;Documento_99421_Perm_4;0;0
10/05/2021 12:38;Documento_64296;1;1
10/05/2021 12:38;Documento_64296_Perm_11;0;0
10/05/2021 12:38;Documento_64296;1;1
10/05/2021 12:38;Documento_64296_Perm_6;0;0
10/05/2021 12:38;Documento_92075;1;1
10/05/2021 12:38;Documento_92075_Perm_7;0;0
10/05/2021 12:38;Documento_74933_Perm_1;0;0
10/05/2021 12:38;Documento_66243;1;1
10/05/2021 12:38;Documento_66243_Perm_19;0;0
10/05/2021 12:38;Documento_66238;1;1
10/05/2021 12:38;Documento_66238_Perm_3;0;0
10/05/2021 12:38;Documento_66257;1;1
10/05/2021 12:38;Documento_66257_Perm_12;0;0
10/05/2021 12:38;Documento_66257;1;1
10/05/2021 12:38;Documento_62924_Perm_1;0;0
10/05/2021 12:38;Documento_117472;1;1
10/05/2021 12:38;Documento_117472_Perm_7;0;0
10/05/2021 12:38;Documento_117472;1;1
10/05/2021 12:38;Documento_117472_Perm_4;0;0
10/05/2021 12:38;Documento_117472;1;1
10/05/2021 12:38;Documento_117472_Perm_13;0;0
10/05/2021 12:38;Documento_91093;1;1
10/05/2021 12:38;Documento_46041;1;1
10/05/2021 12:38;Documento_46041_Perm_4;0;0
10/05/2021 12:38;Documento_90228;1;1
10/05/2021 12:38;Documento_90228_Perm_15;0;0
10/05/2021 12:38;Documento_90228;1;1
10/05/2021 12:38;Documento_90228_Perm_11;0;0
10/05/2021 12:38;Documento_117515;1;1
10/05/2021 12:38;Documento_117515_Perm_10;0;0
10/05/2021 12:38;Documento_64265;1;1
10/05/2021 12:38;Documento_64265_Perm_16;0;0
10/05/2021 12:38;Documento_64265;1;1
10/05/2021 12:38;Documento_64265_Perm_4;0;0
10/05/2021 12:38;Documento_62943;1;1
10/05/2021 12:38;Documento_62943_Perm_0;0;0
10/05/2021 12:38;Documento_62904;1;1
10/05/2021 12:38;Documento_62904_Perm_0;0;0
10/05/2021 12:38;Documento_80841;1;1
10/05/2021 12:38;Documento_80841_Perm_0;0;0
10/05/2021 12:38;Documento_50649;1;1
10/05/2021 12:38;Documento_50649_Perm_17;0;0
10/05/2021 12:38;Documento_50649;1;1
10/05/2021 12:38;Documento_50649_Perm_11;0;0
10/05/2021 12:38;Documento_50649;1;1
10/05/2021 12:38;Documento_50649_Perm_16;0;0
10/05/2021 12:38;Documento_64276;1;1
10/05/2021 12:38;Documento_64276_Perm_7;0;0
10/05/2021 12:38;Documento_64276;1;1
10/05/2021 12:38;Documento_64276_Perm_13;0;0
10/05/2021 12:38;Documento_85046;1;1
10/05/2021 12:38;Documento_85046_Perm_9;0;0
10/05/2021 12:38;Documento_85046;1;1
10/05/2021 12:38;Documento_85046_Perm_3;0;0
10/05/2021 12:38;Documento_100384;1;1
10/05/2021 12:38;Documento_100384_Perm_16;0;0
10/05/2021 12:38;Documento_100384;1;1
10/05/2021 12:38;Documento_101525_Perm_7;0;0
10/05/2021 12:38;Documento_101525;1;1
10/05/2021 12:38;Documento_64290_Perm_8;0;0
10/05/2021 12:38;Documento_64290;1;1
10/05/2021 12:38;Documento_64290_Perm_10;0;0
10/05/2021 12:38;Documento_79232;1;1
10/05/2021 12:38;Documento_79232_Perm_12;0;0
10/05/2021 12:38;Documento_79232;1;1
10/05/2021 12:38;Documento_79232_Perm_9;0;0
10/05/2021 12:38;Documento_79232;1;1
10/05/2021 12:38;Documento_79232_Perm_7;0;0
10/05/2021 12:38;Documento_92742;1;1
10/05/2021 12:38;Documento_92742_Perm_5;0;0
10/05/2021 12:38;Documento_62904_Perm_13;0;0
10/05/2021 12:38;Documento_62926;1;1
10/05/2021 12:38;Documento_62926_Perm_3;0;0
10/05/2021 12:38;Documento_62926;1;1
10/05/2021 12:38;Documento_62926_Perm_7;0;0
10/05/2021 12:38;Documento_62926;1;1
10/05/2021 12:38;Documento_62926_Perm_10;0;0
10/05/2021 12:38;Documento_62908;1;1
10/05/2021 12:38;Documento_50287;1;1
10/05/2021 12:38;Documento_50287_Perm_16;0;0
10/05/2021 12:38;Documento_50287;1;1
10/05/2021 12:38;Documento_50287_Perm_8;0;0
10/05/2021 12:38;Documento_50287;1;1
10/05/2021 12:38;Documento_50287_Perm_3;0;0
10/05/2021 12:38;Documento_93497;1;1
10/05/2021 12:38;Documento_93497_Perm_9;0;0
10/05/2021 12:38;Documento_62913;1;1
10/05/2021 12:38;Documento_62913_Perm_10;0;0
10/05/2021 12:38;Documento_62947;1;1
10/05/2021 12:38;Documento_62947_Perm_15;0;0
10/05/2021 12:38;Documento_46664;1;1
10/05/2021 12:38;Documento_46664_Perm_13;0;0
10/05/2021 12:38;Documento_46664;1;1
10/05/2021 12:38;Documento_46664_Perm_2;0;0
10/05/2021 12:38;Documento_64488;1;1
10/05/2021 12:38;Documento_31122_Perm_3;0;0
10/05/2021 12:38;Documento_31122;1;1
10/05/2021 12:38;Documento_31122_Perm_8;0;0
10/05/2021 12:38;Documento_109202;1;1
10/05/2021 12:38;Documento_119790_Perm_10;0;0
10/05/2021 12:38;Documento_86177;1;0
10/05/2021 12:38;Documento_86177_Perm_6;0;0
10/05/2021 12:38;Documento_64256;1;1
10/05/2021 12:38;Documento_64256_Perm_14;0;0
10/05/2021 12:38;Documento_64256;1;1
10/05/2021 12:38;Documento_64256_Perm_9;0;0
10/05/2021 12:38;Documento_64256;1;1
10/05/2021 12:38;Documento_64256_Perm_11;0;0
10/05/2021 12:38;Documento_64256;1;1
10/05/2021 12:38;Documento_64256_Perm_16;0;0
10/05/2021 12:38;Documento_62909_Perm_10;0;0
10/05/2021 12:38;Documento_82790;1;1
10/05/2021 12:38;Documento_82790_Perm_0;0;0
10/05/2021 12:38;Documento_82790;1;1
10/05/2021 12:38;Documento_82790_Perm_10;0;0
10/05/2021 12:38;Documento_62933;1;1
10/05/2021 12:38;Documento_62933_Perm_10;0;0
10/05/2021 12:38;Documento_62924;1;1
10/05/2021 12:38;Documento_99489;1;1
10/05/2021 12:38;Documento_99489_Perm_8;0;0
10/05/2021 12:38;Documento_99489;1;1
10/05/2021 12:38;Documento_64294_Perm_16;0;0
10/05/2021 12:38;Documento_34070;1;1
10/05/2021 12:38;Documento_34070_Perm_19;0;0
10/05/2021 12:38;Documento_34070;1;1
10/05/2021 12:38;Documento_62532_Perm_12;0;0
10/05/2021 12:38;Documento_62950_Perm_7;0;0
10/05/2021 12:38;Documento_62950;1;1
10/05/2021 12:38;Documento_62950_Perm_0;0;0
10/05/2021 12:38;Documento_66241;1;1
10/05/2021 12:38;Documento_66241_Perm_3;0;0
10/05/2021 12:38;Documento_66241;1;1
10/05/2021 12:38;Documento_66241_Perm_10;0;0
10/05/2021 12:38;Documento_35330;1;1
10/05/2021 12:38;Documento_36927_Perm_1;0;0
10/05/2021 12:38;Documento_67690;1;1
10/05/2021 12:38;Documento_67690_Perm_10;0;0
10/05/2021 12:38;Documento_86177;1;0
10/05/2021 12:38;Documento_86177_Perm_2;0;0
10/05/2021 12:38;Documento_86177;1;0
10/05/2021 12:38;Documento_86177_Perm_5;0;0
10/05/2021 12:38;Documento_39563;1;1
10/05/2021 12:38;Documento_74960_Perm_13;0;0
10/05/2021 12:38;Documento_74960;1;1
10/05/2021 12:38;Documento_74960_Perm_10;0;0
10/05/2021 12:38;Documento_74953;1;1
10/05/2021 12:38;Documento_74953_Perm_19;0;0
10/05/2021 12:38;Documento_74953;1;1
10/05/2021 12:38;Documento_74953_Perm_15;0;0
10/05/2021 12:38;Documento_66157;1;1
10/05/2021 12:38;Documento_36931_Perm_18;0;0
10/05/2021 12:38;Documento_79139;1;1
10/05/2021 12:38;Documento_79139_Perm_3;0;0
10/05/2021 12:38;Documento_91526;1;1
10/05/2021 12:38;Documento_91526_Perm_14;0;0
10/05/2021 12:38;Documento_101586;1;1
10/05/2021 12:38;Documento_101586_Perm_7;0;0
10/05/2021 12:38;Documento_101586;1;1
10/05/2021 12:38;Documento_89630;1;0
10/05/2021 12:38;Documento_89630_Perm_17;0;0
10/05/2021 12:38;Documento_89630;1;0
10/05/2021 12:38;Documento_89630_Perm_14;0;0
10/05/2021 12:38;Documento_117476;1;1
10/05/2021 12:38;Documento_117476_Perm_0;0;0
10/05/2021 12:38;Documento_117476;1;1
10/05/2021 12:38;Documento_117476_Perm_11;0;0
10/05/2021 12:38;Documento_64277_Perm_0;0;0
10/05/2021 12:38;Documento_62956;1;1
10/05/2021 12:38;Documento_64270_Perm_16;0;0
10/05/2021 12:38;Documento_62894;1;1
10/05/2021 12:38;Documento_62894_Perm_16;0;0
10/05/2021 12:38;Documento_66250;1;1
10/05/2021 12:38;Documento_66250_Perm_13;0;0
10/05/2021 12:38;Documento_62952;1;1
10/05/2021 12:38;Documento_118420_Perm_14;0;0
10/05/2021 12:38;Documento_118420;1;1
10/05/2021 12:38;Documento_118420_Perm_17;0;0
10/05/2021 12:38;Documento_75477;1;1
10/05/2021 12:38;Documento_75477_Perm_10;0;0
10/05/2021 12:38;Documento_66242;1;1
10/05/2021 12:38;Documento_66242_Perm_3;0;0
10/05/2021 12:38;Documento_66235;1;1
10/05/2021 12:38;Documento_47999_Perm_4;0;0
10/05/2021 12:38;Documento_47999;1;1
10/05/2021 12:38;Documento_88303_Perm_6;0;0
10/05/2021 12:38;Documento_88303;1;1
10/05/2021 12:38;Documento_88303_Perm_14;0;0
10/05/2021 12:38;Documento_68104;1;1
10/05/2021 12:38;Documento_68104_Perm_4;0;0
10/05/2021 12:38;Documento_88246;1;1
10/05/2021 12:38;Documento_62944_Perm_17;0;0
10/05/2021 12:38;Documento_62944;1;1
10/05/2021 12:38;Documento_62944_Perm_15;0;0
10/05/2021 12:38;Documento_62944;1;1
10/05/2021 12:38;Documento_62949_Perm_8;0;0
10/05/2021 12:38;Documento_62904;1;1
10/05/2021 12:38;Documento_62908_Perm_7;0;0
10/05/2021 12:38;Documento_62908;1;1
10/05/2021 12:38;Documento_114200;1;1
10/05/2021 12:38;Documento_114200_Perm_11;0;0
10/05/2021 12:38;Documento_62996;1;1
10/05/2021 12:38;Documento_62996_Perm_15;0;0
10/05/2021 12:38;Documento_62996;1;1
10/05/2021 12:38;Documento_62996_Perm_13;0;0
10/05/2021 12:38;Documento_62996;1;1
10/05/2021 12:38;Documento_62996_Perm_9;0;0
10/05/2021 12:38;Documento_109074_Perm_17;0;0
10/05/2021 12:38;Documento_109074;1;1
10/05/2021 12:38;Documento_109074_Perm_12;0;0
10/05/2021 12:38;Documento_66258;1;1
10/05/2021 12:38;Documento_66258_Perm_6;0;0
10/05/2021 12:38;Documento_62928;1;1
10/05/2021 12:38;Documento_62928_Perm_5;0;0
10/05/2021 12:38;Documento_62928;1;1
10/05/2021 12:38;Documento_115348_Perm_18;0;0
10/05/2021 12:38;Documento_48016;1;1
10/05/2021 12:38;Documento_48016_Perm_13;0;0
10/05/2021 12:38;Documento_48016;1;1
10/05/2021 12:38;Documento_48016_Perm_10;0;0
10/05/2021 12:38;Documento_69502;1;1
10/05/2021 12:38;Documento_69502_Perm_6;0;0
10/05/2021 12:38;Documento_69502;1;1
10/05/2021 12:38;Documento_41530_Perm_17;0;0
10/05/2021 12:38;Documento_41530;1;1
10/05/2021 12:38;Documento_41530_Perm_13;0;0
10/05/2021 12:38;Documento_100776;1;1
10/05/2021 12:38;Documento_100776_Perm_14;0;0
10/05/2021 12:38;Documento_41531;1;1
10/05/2021 12:38;Documento_41531_Perm_19;0;0
10/05/2021 12:38;Documento_41531;1;1
10/05/2021 12:38;Documento_47739_Perm_18;0;0
10/05/2021 12:38;Documento_47739;1;1
10/05/2021 12:38;Documento_47739_Perm_12;0;0
10/05/2021 12:38;Documento_47739;1;1
10/05/2021 12:38;Documento_47739_Perm_16;0;0
10/05/2021 12:38;Documento_47454;1;1
10/05/2021 12:38;Documento_47454_Perm_4;0;0
10/05/2021 12:38;Documento_93876;1;1
10/05/2021 12:38;Documento_88246;1;1
10/05/2021 12:38;Documento_88246_Perm_4;0;0
10/05/2021 12:38;Documento_43327;1;1
10/05/2021 12:38;Documento_43327_Perm_14;0;0
10/05/2021 12:38;Documento_62996;1;1
10/05/2021 12:38;Documento_62996_Perm_8;0;0
10/05/2021 12:38;Documento_40432;1;1
10/05/2021 12:38;Documento_40432_Perm_11;0;0
10/05/2021 12:38;Documento_54182_Perm_18;0;0
10/05/2021 12:38;Documento_62931;1;1
10/05/2021 12:38;Documento_62931_Perm_4;0;0
10/05/2021 12:38;Documento_62931;1;1
10/05/2021 12:38;Documento_62931_Perm_0;0;0
10/05/2021 12:38;Documento_62929;1;1
10/05/2021 12:38;Documento_62929_Perm_12;0;0
10/05/2021 12:38;Documento_62929;1;1
10/05/2021 12:38;Documento_117477_Perm_11;0;0
10/05/2021 12:38;Documento_117477;1;1
10/05/2021 12:38;Documento_117477_Perm_13;0;0
10/05/2021 12:38;Documento_66228;1;1
10/05/2021 12:38;Documento_66228_Perm_9;0;0
10/05/2021 12:38;Documento_66228;1;1
10/05/2021 12:38;Documento_66228_Perm_12;0;0
10/05/2021 12:38;Documento_66228;1;1
10/05/2021 12:38;Documento_61458;1;1
10/05/2021 12:38;Documento_61458_Perm_3;0;0
10/05/2021 12:38;Documento_61458;1;1
10/05/2021 12:38;Documento_61458_Perm_19;0;0
10/05/2021 12:38;Documento_61458;1;1
10/05/2021 12:38;Documento_61458_Perm_7;0;0
10/05/2021 12:38;Documento_115083;1;1
10/05/2021 12:38;Documento_44201_Perm_16;0;0
10/05/2021 12:38;Documento_68112_Perm_0;0;0
10/05/2021 12:38;Documento_96688;1;1
10/05/2021 12:38;Documento_96688_Perm_6;0;0
10/05/2021 12:38;Documento_96688;1;1
10/05/2021 12:38;Documento_96688_Perm_13;0;0
10/05/2021 12:38;Documento_96688;1;1
10/05/2021 12:38;Documento_49677_Perm_2;0;0
10/05/2021 12:38;Documento_49677;1;1
10/05/2021 12:38;Documento_74940_Perm_19;0;0
10/05/2021 12:38;Documento_74940;1;1
10/05/2021 12:38;Documento_74940_Perm_9;0;1
10/05/2021 12:38;Documento_74940;1;1
10/05/2021 12:38;Documento_88246_Perm_15;0;0
10/05/2021 12:38;Documento_88246;1;1
10/05/2021 12:38;Documento_88246_Perm_18;0;0
10/05/2021 12:38;Documento_40432;1;1
10/05/2021 12:38;Documento_110704;1;1
10/05/2021 12:38;Documento_110704_Perm_6;0;0
10/05/2021 12:38;Documento_110704;1;1
10/05/2021 12:38;Documento_110704_Perm_17;0;0
10/05/2021 12:38;Documento_110704;1;1
10/05/2021 12:38;Documento_110704_Perm_0;0;0
10/05/2021 12:38;Documento_62945;1;1
10/05/2021 12:38;Documento_62945_Perm_3;0;0
10/05/2021 12:38;Documento_68105_Perm_0;0;0
10/05/2021 12:38;Documento_68107;1;1
10/05/2021 12:38;Documento_68107_Perm_5;0;0
10/05/2021 12:38;Documento_68107;1;1
10/05/2021 12:38;Documento_68107_Perm_0;0;0
10/05/2021 12:38;Documento_68107;1;1
10/05/2021 12:38;Documento_68107_Perm_13;0;0
10/05/2021 12:38;Documento_68107;1;1
10/05/2021 12:38;Documento_118630_Perm_2;0;0
10/05/2021 12:38;Documento_118420;1;1
10/05/2021 12:38;Documento_66235_Perm_13;0;0
10/05/2021 12:38;Documento_64621;1;1
10/05/2021 12:38;Documento_80185_Perm_3;0;0
10/05/2021 12:38;Documento_79587;1;1
10/05/2021 12:38;Documento_79587_Perm_8;0;0
10/05/2021 12:38;Documento_108119;1;1
10/05/2021 12:38;Documento_85460;1;1
10/05/2021 12:38;Documento_85460_Perm_17;0;1
10/05/2021 12:38;Documento_66246;1;1
10/05/2021 12:38;Documento_66246_Perm_15;0;0
10/05/2021 12:38;Documento_105318;1;1
10/05/2021 12:38;Documento_105318_Perm_8;0;0
10/05/2021 12:38;Documento_66247;1;1
10/05/2021 12:38;Documento_66247_Perm_4;0;0
10/05/2021 12:38;Documento_84257;1;1
10/05/2021 12:38;Documento_84257_Perm_1;0;0
10/05/2021 12:38;Documento_68112;1;1
10/05/2021 12:38;Documento_68112_Perm_13;0;0
10/05/2021 12:38;Documento_68112;1;1
10/05/2021 12:38;Documento_95299_Perm_7;0;0
10/05/2021 12:38;Documento_95299;1;1
10/05/2021 12:38;Documento_95299_Perm_4;0;0
10/05/2021 12:38;Documento_116649_Perm_17;0;1
10/05/2021 12:38;Documento_116649;1;1
10/05/2021 12:38;Documento_116649_Perm_13;0;0
10/05/2021 12:38;Documento_64289;1;1
10/05/2021 12:38;Documento_101034_Perm_16;0;0
10/05/2021 12:38;Documento_101034;1;1
10/05/2021 12:38;Documento_65335_Perm_10;0;0
10/05/2021 12:38;Documento_118230;1;1
10/05/2021 12:38;Documento_62952;1;1
10/05/2021 12:38;Documento_62952_Perm_15;0;0
10/05/2021 12:38;Documento_62952;1;1
10/05/2021 12:38;Documento_62952_Perm_1;0;0
10/05/2021 12:38;Documento_66252;1;1
10/05/2021 12:38;Documento_66252_Perm_2;0;0
10/05/2021 12:38;Documento_66252;1;1
10/05/2021 12:38;Documento_66252_Perm_1;0;0
10/05/2021 12:38;Documento_65353;1;1
10/05/2021 12:38;Documento_65353_Perm_3;0;0
10/05/2021 12:38;Documento_51305;1;1
10/05/2021 12:38;Documento_51305_Perm_2;0;0
10/05/2021 12:38;Documento_52393;1;1
10/05/2021 12:38;Documento_52393_Perm_4;0;0
10/05/2021 12:38;Documento_52393;1;1
10/05/2021 12:38;Documento_52393_Perm_0;0;0
10/05/2021 12:38;Documento_66247;1;1
10/05/2021 12:38;Documento_66247_Perm_8;0;0
10/05/2021 12:38;Documento_49669;1;1
10/05/2021 12:38;Documento_64277_Perm_3;0;0
10/05/2021 12:38;Documento_64277;1;1
10/05/2021 12:38;Documento_62952_Perm_11;0;0
10/05/2021 12:38;Documento_64271;1;1
10/05/2021 12:38;Documento_64271_Perm_2;0;0
10/05/2021 12:38;Documento_109506_Perm_10;0;0
10/05/2021 12:38;Documento_109506;1;1
10/05/2021 12:38;Documento_109506_Perm_3;0;0
10/05/2021 12:38;Documento_62770;1;1
10/05/2021 12:38;Documento_62770_Perm_5;0;0
10/05/2021 12:38;Documento_31056;1;1
10/05/2021 12:38;Documento_31056_Perm_2;0;0
10/05/2021 12:38;Documento_31055;1;1
10/05/2021 12:38;Documento_50676_Perm_13;0;0
10/05/2021 12:38;Documento_50676;1;1
10/05/2021 12:38;Documento_50676_Perm_9;0;0
10/05/2021 12:38;Documento_39096;1;1
10/05/2021 12:38;Documento_39096_Perm_5;0;0
10/05/2021 12:38;Documento_91523;1;1
10/05/2021 12:38;Documento_91523_Perm_11;0;0
10/05/2021 12:38;Documento_91523;1;1
10/05/2021 12:38;Documento_115037_Perm_12;0;0
10/05/2021 12:38;Documento_88430;1;1
10/05/2021 12:38;Documento_88430_Perm_3;0;0
10/05/2021 12:38;Documento_41530;1;1
10/05/2021 12:38;Documento_41531_Perm_5;0;0
10/05/2021 12:38;Documento_41531;1;1
10/05/2021 12:38;Documento_41531_Perm_12;0;0
10/05/2021 12:38;Documento_41531;1;1
10/05/2021 12:38;Documento_67214_Perm_9;0;0
10/05/2021 12:38;Documento_114781;1;1
10/05/2021 12:38;Documento_114781_Perm_7;0;0
10/05/2021 12:38;Documento_114780;1;1
10/05/2021 12:38;Documento_114780_Perm_8;0;0
10/05/2021 12:38;Documento_34797;1;1
10/05/2021 12:38;Documento_79551_Perm_11;0;0
10/05/2021 12:38;Documento_85046;1;1
10/05/2021 12:38;Documento_66236;1;1
10/05/2021 12:38;Documento_66236_Perm_7;0;0
10/05/2021 12:38;Documento_66236;1;1
10/05/2021 12:38;Documento_66236_Perm_2;0;0
10/05/2021 12:38;Documento_66236;1;1
10/05/2021 12:38;Documento_66236_Perm_15;0;0
10/05/2021 12:38;Documento_50729;1;1
10/05/2021 12:38;Documento_50729_Perm_0;0;0
10/05/2021 12:38;Documento_48730_Perm_18;0;0
10/05/2021 12:38;Documento_48730;1;1
10/05/2021 12:38;Documento_61755_Perm_16;0;0
10/05/2021 12:38;Documento_75331;1;1
10/05/2021 12:38;Documento_75331_Perm_6;0;0
10/05/2021 12:38;Documento_75331;1;1
10/05/2021 12:38;Documento_75331_Perm_13;0;0
10/05/2021 12:38;Documento_40559;1;1
10/05/2021 12:38;Documento_54239_Perm_3;0;0
10/05/2021 12:38;Documento_54239;1;1
10/05/2021 12:38;Documento_51455_Perm_15;0;0
10/05/2021 12:38;Documento_52454;1;1
10/05/2021 12:38;Documento_52454_Perm_16;0;0
10/05/2021 12:38;Documento_52454;1;1
10/05/2021 12:38;Documento_52454_Perm_3;0;0
10/05/2021 12:38;Documento_115037;1;1
10/05/2021 12:38;Documento_118230_Perm_14;0;0
10/05/2021 12:38;Documento_99277;1;1
10/05/2021 12:38;Documento_99277_Perm_8;0;0
10/05/2021 12:38;Documento_99277;1;1
10/05/2021 12:38;Documento_99277_Perm_1;0;0
10/05/2021 12:38;Documento_99277;1;1
10/05/2021 12:38;Documento_99277_Perm_12;0;0
10/05/2021 12:38;Documento_46654;1;1
10/05/2021 12:38;Documento_44944;1;1
10/05/2021 12:38;Documento_44944_Perm_9;0;0
10/05/2021 12:38;Documento_44944;1;1
10/05/2021 12:38;Documento_111125_Perm_8;0;0
10/05/2021 12:38;Documento_111125;1;1
10/05/2021 12:38;Documento_111125_Perm_19;0;0
10/05/2021 12:38;Documento_111125;1;1
10/05/2021 12:38;Documento_111125_Perm_14;0;0
10/05/2021 12:38;Documento_105540_Perm_12;0;0
10/05/2021 12:38;Documento_47939;1;1
10/05/2021 12:38;Documento_47939_Perm_9;0;0
10/05/2021 12:38;Documento_45166;1;1
10/05/2021 12:38;Documento_45166_Perm_15;0;0
10/05/2021 12:38;Documento_45166;1;1
10/05/2021 12:38;Documento_45166_Perm_17;0;0
10/05/2021 12:38;Documento_91791;1;1
10/05/2021 12:38;Documento_47739;1;1
10/05/2021 12:38;Documento_93876_Perm_11;0;0
10/05/2021 12:38;Documento_46847;1;1
10/05/2021 12:38;Documento_46847_Perm_7;0;0
10/05/2021 12:38;Documento_46847;1;1
10/05/2021 12:38;Documento_46847_Perm_9;0;0
10/05/2021 12:38;Documento_58273;1;1
10/05/2021 12:38;Documento_58273_Perm_5;0;0
10/05/2021 12:38;Documento_62948;1;1
10/05/2021 12:38;Documento_62948_Perm_9;0;0
10/05/2021 12:38;Documento_112535;1;1
10/05/2021 12:38;Documento_112535_Perm_15;0;0
10/05/2021 12:38;Documento_62909;1;1
10/05/2021 12:38;Documento_62909_Perm_7;0;0
10/05/2021 12:38;Documento_62909;1;1
10/05/2021 12:38;Documento_91093_Perm_19;0;0
10/05/2021 12:38;Documento_62950_Perm_2;0;0
10/05/2021 12:38;Documento_62950;1;1
10/05/2021 12:38;Documento_35330_Perm_0;0;0
10/05/2021 12:38;Documento_117477;1;1
10/05/2021 12:38;Documento_66228_Perm_4;0;0
10/05/2021 12:38;Documento_66228;1;1
10/05/2021 12:38;Documento_66228_Perm_17;0;0
10/05/2021 12:38;Documento_118630;1;1
10/05/2021 12:38;Documento_47753;1;1
10/05/2021 12:38;Documento_47753_Perm_19;0;0
10/05/2021 12:38;Documento_107275;1;1
10/05/2021 12:38;Documento_67883_Perm_2;0;0
10/05/2021 12:38;Documento_67883;1;1
10/05/2021 12:38;Documento_67883_Perm_19;0;0
10/05/2021 12:38;Documento_67883;1;1
10/05/2021 12:38;Documento_67883_Perm_14;0;0
10/05/2021 12:38;Documento_54182_Perm_7;0;0
10/05/2021 12:38;Documento_54182;1;1
10/05/2021 12:38;Documento_109074_Perm_19;0;0
10/05/2021 12:38;Documento_109074;1;1
10/05/2021 12:38;Documento_62928_Perm_18;0;0
10/05/2021 12:38;Documento_83701;1;1
10/05/2021 12:38;Documento_83701_Perm_13;0;1
10/05/2021 12:38;Documento_64256;1;1
10/05/2021 12:38;Documento_62920;1;1
10/05/2021 12:38;Documento_62920_Perm_11;0;0
10/05/2021 12:38;Documento_62920;1;1
10/05/2021 12:38;Documento_62920_Perm_0;0;0
10/05/2021 12:38;Documento_62920;1;1
10/05/2021 12:38;Documento_64301_Perm_3;0;0
10/05/2021 12:38;Documento_64301;1;1
10/05/2021 12:38;Documento_64301_Perm_18;0;0
10/05/2021 12:38;Documento_39563_Perm_12;0;0
10/05/2021 12:38;Documento_39563;1;1
10/05/2021 12:38;Documento_39563_Perm_8;0;0
10/05/2021 12:38;Documento_62907;1;1
10/05/2021 12:38;Documento_62907_Perm_12;0;0
10/05/2021 12:38;Documento_62913;1;1
10/05/2021 12:38;Documento_62913_Perm_0;0;0
10/05/2021 12:38;Documento_62913;1;1
10/05/2021 12:38;Documento_85121;1;1
10/05/2021 12:38;Documento_85121_Perm_0;0;0
10/05/2021 12:38;Documento_105323;1;1
10/05/2021 12:38;Documento_105323_Perm_17;0;0
10/05/2021 12:38;Documento_80841;1;1
10/05/2021 12:38;Documento_80841_Perm_2;0;0
10/05/2021 12:38;Documento_64284;1;1
10/05/2021 12:38;Documento_64284_Perm_3;0;0
10/05/2021 12:38;Documento_116295_Perm_5;0;0
10/05/2021 12:38;Documento_116295;1;1
10/05/2021 12:38;Documento_116295_Perm_14;0;0
10/05/2021 12:38;Documento_116295;1;1
10/05/2021 12:38;Documento_116295_Perm_8;0;0
10/05/2021 12:38;Documento_49645;1;1
10/05/2021 12:38;Documento_49645_Perm_18;0;0
10/05/2021 12:38;Documento_49645;1;1
10/05/2021 12:38;Documento_50676;1;1
10/05/2021 12:38;Documento_91523_Perm_3;0;0
10/05/2021 12:38;Documento_91523;1;1
10/05/2021 12:38;Documento_91523_Perm_14;0;0
10/05/2021 12:38;Documento_91523;1;1
10/05/2021 12:38;Documento_91523_Perm_12;0;0
10/05/2021 12:38;Documento_106241;1;1
10/05/2021 12:38;Documento_106241_Perm_14;0;1
10/05/2021 12:38;Documento_103614;1;1
10/05/2021 12:38;Documento_103614_Perm_19;0;0
10/05/2021 12:38;Documento_74963;1;1
10/05/2021 12:38;Documento_74963_Perm_6;0;0
10/05/2021 12:38;Documento_74963;1;1
10/05/2021 12:38;Documento_74963_Perm_14;0;0
10/05/2021 12:38;Documento_65358;1;1
10/05/2021 12:38;Documento_65358_Perm_13;0;0
10/05/2021 12:38;Documento_67214_Perm_1;0;0
10/05/2021 12:38;Documento_67214;1;1
10/05/2021 12:38;Documento_67214_Perm_18;0;0
10/05/2021 12:38;Documento_67214;1;1
10/05/2021 12:38;Documento_85046_Perm_10;0;0
10/05/2021 12:38;Documento_85046;1;1
10/05/2021 12:38;Documento_85046_Perm_18;0;0
10/05/2021 12:38;Documento_93158;1;1
10/05/2021 12:38;Documento_31055;1;1
10/05/2021 12:38;Documento_31055_Perm_16;0;0
10/05/2021 12:38;Documento_31055;1;1
10/05/2021 12:38;Documento_41531_Perm_3;0;0
10/05/2021 12:38;Documento_103620;1;1
10/05/2021 12:38;Documento_103620_Perm_13;0;0
10/05/2021 12:38;Documento_47439;1;1
10/05/2021 12:38;Documento_106011_Perm_4;0;0
10/05/2021 12:38;Documento_44531;1;1
10/05/2021 12:38;Documento_44531_Perm_9;0;0
10/05/2021 12:38;Documento_42139;1;1
10/05/2021 12:38;Documento_86303_Perm_6;0;0
10/05/2021 12:38;Documento_29869;1;1
10/05/2021 12:38;Documento_115084_Perm_2;0;1
10/05/2021 12:38;Documento_46280;1;1
10/05/2021 12:38;Documento_46280_Perm_3;0;0
10/05/2021 12:38;Documento_64268_Perm_0;0;0
10/05/2021 12:38;Documento_117476;1;1
10/05/2021 12:38;Documento_117476_Perm_4;0;0
10/05/2021 12:38;Documento_91093;1;1
10/05/2021 12:38;Documento_91093_Perm_10;0;0
10/05/2021 12:38;Documento_62945;1;1
10/05/2021 12:38;Documento_62945_Perm_15;0;0
10/05/2021 12:38;Documento_64291;1;1
10/05/2021 12:38;Documento_62532;1;1
10/05/2021 12:38;Documento_62532_Perm_15;0;0
10/05/2021 12:38;Documento_79718;1;1
10/05/2021 12:38;Documento_79718_Perm_18;0;1
10/05/2021 12:38;Documento_48470;1;1
10/05/2021 12:38;Documento_48470_Perm_8;0;0
10/05/2021 12:38;Documento_48470;1;1
10/05/2021 12:38;Documento_48470_Perm_4;0;0
10/05/2021 12:38;Documento_61458;1;1
10/05/2021 12:38;Documento_61458_Perm_13;0;0
10/05/2021 12:38;Documento_44201;1;1
10/05/2021 12:38;Documento_44201_Perm_2;0;0
10/05/2021 12:38;Documento_48728;1;1
10/05/2021 12:38;Documento_48728_Perm_19;0;0
10/05/2021 12:38;Documento_48728;1;1
10/05/2021 12:38;Documento_48728_Perm_3;0;0
10/05/2021 12:38;Documento_64268_Perm_3;0;0
10/05/2021 12:38;Documento_64268;1;1
10/05/2021 12:38;Documento_64291_Perm_15;0;0
10/05/2021 12:38;Documento_64291;1;1
10/05/2021 12:38;Documento_64291_Perm_14;0;0
10/05/2021 12:38;Documento_64291;1;1
10/05/2021 12:38;Documento_64291_Perm_17;0;0
10/05/2021 12:38;Documento_116649;1;1
10/05/2021 12:38;Documento_46654_Perm_12;0;0
10/05/2021 12:38;Documento_33052;1;1
10/05/2021 12:38;Documento_33052_Perm_12;0;0
10/05/2021 12:38;Documento_33052;1;1
10/05/2021 12:38;Documento_33052_Perm_15;0;0
10/05/2021 12:38;Documento_33052;1;1
10/05/2021 12:38;Documento_33052_Perm_14;0;0
10/05/2021 12:38;Documento_33052;1;1
10/05/2021 12:38;Documento_46741_Perm_19;0;0
10/05/2021 12:38;Documento_111125;1;1
10/05/2021 12:38;Documento_111125_Perm_13;0;0
10/05/2021 12:38;Documento_61458;1;1
10/05/2021 12:38;Documento_61458_Perm_11;0;0
10/05/2021 12:38;Documento_48729;1;1
10/05/2021 12:38;Documento_48729_Perm_12;0;0
10/05/2021 12:38;Documento_48729;1;1
10/05/2021 12:38;Documento_45867_Perm_16;0;0
10/05/2021 12:38;Documento_86096;1;1
10/05/2021 12:38;Documento_86096_Perm_2;0;0
10/05/2021 12:38;Documento_86096;1;1
10/05/2021 12:38;Documento_86096_Perm_6;0;0
10/05/2021 12:38;Documento_86096;1;1
10/05/2021 12:38;Documento_86096_Perm_11;0;0
10/05/2021 12:38;Documento_86096;1;1
10/05/2021 12:38;Documento_88143_Perm_1;0;0
10/05/2021 12:38;Documento_88290;1;1
10/05/2021 12:38;Documento_50639_Perm_14;0;0
10/05/2021 12:38;Documento_36931;1;1
10/05/2021 12:38;Documento_101586_Perm_18;0;0
10/05/2021 12:38;Documento_101586;1;1
10/05/2021 12:38;Documento_101586_Perm_10;0;0
10/05/2021 12:38;Documento_78569;1;1
10/05/2021 12:38;Documento_82407;1;1
10/05/2021 12:38;Documento_82407_Perm_2;0;0
10/05/2021 12:38;Documento_82407;1;1
10/05/2021 12:38;Documento_82407_Perm_7;0;0
10/05/2021 12:38;Documento_64272;1;1
10/05/2021 12:38;Documento_64272_Perm_18;0;0
10/05/2021 12:38;Documento_64272;1;1
10/05/2021 12:38;Documento_119788_Perm_18;0;0
10/05/2021 12:38;Documento_64268;1;1
10/05/2021 12:38;Documento_64268_Perm_2;0;0
10/05/2021 12:38;Documento_64268;1;1
10/05/2021 12:38;Documento_118230_Perm_4;0;0
10/05/2021 12:38;Documento_118230;1;1
10/05/2021 12:38;Documento_118230_Perm_7;0;0
10/05/2021 12:38;Documento_118230;1;1
10/05/2021 12:38;Documento_46654_Perm_2;0;0
10/05/2021 12:38;Documento_85121_Perm_6;0;0
10/05/2021 12:38;Documento_116295;1;1
10/05/2021 12:38;Documento_109314_Perm_7;0;0
10/05/2021 12:38;Documento_64251;1;1
10/05/2021 12:38;Documento_64251_Perm_4;0;0
10/05/2021 12:38;Documento_64251;1;1
10/05/2021 12:38;Documento_64251_Perm_1;0;0
10/05/2021 12:38;Documento_64263;1;1
10/05/2021 12:38;Documento_39563_Perm_15;0;1
10/05/2021 12:38;Documento_39563;1;1
10/05/2021 12:38;Documento_62913_Perm_19;0;0
10/05/2021 12:38;Documento_62916;1;1
10/05/2021 12:38;Documento_62916_Perm_17;0;0
10/05/2021 12:38;Documento_114216;1;1
10/05/2021 12:38;Documento_114216_Perm_18;0;0
10/05/2021 12:38;Documento_62944;1;1
10/05/2021 12:38;Documento_62918;1;1
10/05/2021 12:38;Documento_62908_Perm_3;0;0
10/05/2021 12:38;Documento_62914;1;1
10/05/2021 12:38;Documento_62957_Perm_12;0;0
10/05/2021 12:38;Documento_62941;1;1
10/05/2021 12:38;Documento_51452_Perm_8;0;0
10/05/2021 12:38;Documento_50287;1;1
10/05/2021 12:38;Documento_50287_Perm_19;0;0
10/05/2021 12:38;Documento_64273_Perm_15;0;0
10/05/2021 12:38;Documento_85717;1;1
10/05/2021 12:38;Documento_85717_Perm_1;0;0
10/05/2021 12:38;Documento_99489;1;1
10/05/2021 12:38;Documento_99489_Perm_3;0;0
10/05/2021 12:38;Documento_62942;1;1
10/05/2021 12:38;Documento_62942_Perm_4;0;0
10/05/2021 12:38;Documento_99421;1;1
10/05/2021 12:38;Documento_117515_Perm_18;0;0
10/05/2021 12:38;Documento_68105;1;1
10/05/2021 12:38;Documento_68107_Perm_12;0;0
10/05/2021 12:38;Documento_68111;1;1
10/05/2021 12:38;Documento_64767_Perm_14;0;0
10/05/2021 12:38;Documento_64767;1;1
10/05/2021 12:38;Documento_64767_Perm_4;0;0
10/05/2021 12:38;Documento_63970;1;1
10/05/2021 12:38;Documento_54182;1;1
10/05/2021 12:38;Documento_64256_Perm_17;0;0
10/05/2021 12:38;Documento_64309;1;1
10/05/2021 12:38;Documento_64309_Perm_3;0;0
10/05/2021 12:38;Documento_64309;1;1
10/05/2021 12:38;Documento_64309_Perm_16;0;0
10/05/2021 12:38;Documento_64309;1;1
10/05/2021 12:38;Documento_64309_Perm_6;0;0
10/05/2021 12:38;Documento_48730;1;1
10/05/2021 12:38;Documento_40559_Perm_4;0;0
10/05/2021 12:38;Documento_88143;1;1
10/05/2021 12:38;Documento_78569_Perm_2;0;0
10/05/2021 12:38;Documento_44533;1;1
10/05/2021 12:38;Documento_44533_Perm_18;0;0
10/05/2021 12:38;Documento_44533;1;1
10/05/2021 12:38;Documento_44533_Perm_13;0;0
10/05/2021 12:38;Documento_40450_Perm_3;0;0
10/05/2021 12:38;Documento_40450;1;1
10/05/2021 12:38;Documento_40450_Perm_19;0;0
10/05/2021 12:38;Documento_64281;1;1
10/05/2021 12:38;Documento_64281_Perm_19;0;0
10/05/2021 12:38;Documento_67695;1;1
10/05/2021 12:38;Documento_119760_Perm_8;0;0
10/05/2021 12:38;Documento_109506;1;1
10/05/2021 12:38;Documento_116581;1;1
10/05/2021 12:38;Documento_116581_Perm_12;0;1
10/05/2021 12:38;Documento_104795;1;1
10/05/2021 12:38;Documento_104795_Perm_11;0;0
10/05/2021 12:38;Documento_104795;1;1
10/05/2021 12:38;Documento_104795_Perm_8;0;0
10/05/2021 12:38;Documento_104795;1;1
10/05/2021 12:38;Documento_104795_Perm_6;0;0
10/05/2021 12:38;Documento_85121_Perm_15;0;0
10/05/2021 12:38;Documento_85121;1;1
10/05/2021 12:38;Documento_85121_Perm_14;0;0
10/05/2021 12:38;Documento_85121;1;1
10/05/2021 12:38;Documento_62927_Perm_6;0;0
10/05/2021 12:38;Documento_46654;1;1
10/05/2021 12:38;Documento_33052_Perm_13;0;0
10/05/2021 12:38;Documento_67214;1;1
10/05/2021 12:38;Documento_74930_Perm_16;0;0
10/05/2021 12:38;Documento_74930;1;1
10/05/2021 12:38;Documento_74930_Perm_18;0;0
10/05/2021 12:38;Documento_74933;1;1
10/05/2021 12:38;Documento_74933_Perm_2;0;0
10/05/2021 12:38;Documento_74933;1;1
10/05/2021 12:38;Documento_66257_Perm_17;0;0
10/05/2021 12:38;Documento_50729;1;1
10/05/2021 12:38;Documento_68119;1;1
10/05/2021 12:38;Documento_68119_Perm_10;0;0
10/05/2021 12:38;Documento_68119;1;1
10/05/2021 12:38;Documento_68119_Perm_2;0;0
10/05/2021 12:38;Documento_63527;1;1
10/05/2021 12:38;Documento_63527_Perm_10;0;0
10/05/2021 12:38;Documento_63527;1;1
10/05/2021 12:38;Documento_63527_Perm_16;0;0
10/05/2021 12:38;Documento_64255;1;1
10/05/2021 12:38;Documento_64255_Perm_17;0;0
10/05/2021 12:38;Documento_64255;1;1
10/05/2021 12:38;Documento_64255_Perm_0;0;0
10/05/2021 12:38;Documento_64255;1;1
10/05/2021 12:38;Documento_44408_Perm_7;0;0
10/05/2021 12:38;Documento_45867;1;1
10/05/2021 12:38;Documento_45867_Perm_10;0;0
10/05/2021 12:38;Documento_86096_Perm_4;0;0
10/05/2021 12:38;Documento_62918;1;1
10/05/2021 12:38;Documento_62918_Perm_4;0;0
10/05/2021 12:38;Documento_62918;1;1
10/05/2021 12:38;Documento_62918_Perm_16;0;0
10/05/2021 12:38;Documento_85121;1;1
10/05/2021 12:38;Documento_85121_Perm_11;0;0
10/05/2021 12:38;Documento_85121;1;1
10/05/2021 12:38;Documento_50676_Perm_1;0;0
10/05/2021 12:38;Documento_106082;1;1
10/05/2021 12:38;Documento_106082_Perm_9;0;0
10/05/2021 12:38;Documento_106082;1;1
10/05/2021 12:38;Documento_106082_Perm_14;0;0
10/05/2021 12:38;Documento_47544;1;1
10/05/2021 12:38;Documento_47544_Perm_4;0;0
10/05/2021 12:38;Documento_78573;1;1
10/05/2021 12:38;Documento_52162_Perm_7;0;0
10/05/2021 12:38;Documento_67883;1;1
10/05/2021 12:38;Documento_103614_Perm_15;0;0
10/05/2021 12:38;Documento_74957;1;1
10/05/2021 12:38;Documento_74957_Perm_17;0;0
10/05/2021 12:38;Documento_74960;1;1
10/05/2021 12:38;Documento_66157_Perm_4;0;0
10/05/2021 12:38;Documento_100392;1;1
10/05/2021 12:38;Documento_74951_Perm_17;0;0
10/05/2021 12:38;Documento_74940;1;1
10/05/2021 12:38;Documento_40432_Perm_1;0;0
10/05/2021 12:38;Documento_46741;1;1
10/05/2021 12:38;Documento_46741_Perm_1;0;0
10/05/2021 12:38;Documento_46741;1;1
10/05/2021 12:38;Documento_48729_Perm_19;0;0
10/05/2021 12:38;Documento_48730;1;1
10/05/2021 12:38;Documento_31810;1;1
10/05/2021 12:38;Documento_31810_Perm_8;0;0
10/05/2021 12:38;Documento_117515;1;1
10/05/2021 12:38;Documento_117515_Perm_14;0;0
10/05/2021 12:38;Documento_117515;1;1
10/05/2021 12:38;Documento_63970_Perm_16;0;0
10/05/2021 12:38;Documento_68109;1;1
10/05/2021 12:38;Documento_68109_Perm_11;0;0
10/05/2021 12:38;Documento_40450;1;1
10/05/2021 12:38;Documento_31055_Perm_5;0;0
10/05/2021 12:38;Documento_106011;1;1
10/05/2021 12:38;Documento_106011_Perm_5;0;0
10/05/2021 12:38;Documento_47421;1;1
10/05/2021 12:38;Documento_47421_Perm_16;0;0
10/05/2021 12:38;Documento_50676;1;1
10/05/2021 12:38;Documento_50676_Perm_19;0;0
10/05/2021 12:38;Documento_68109;1;1
10/05/2021 12:38;Documento_68109_Perm_5;0;0
10/05/2021 12:38;Documento_63527;1;1
10/05/2021 12:38;Documento_63527_Perm_14;0;0
10/05/2021 12:38;Documento_63527;1;1
10/05/2021 12:38;Documento_63527_Perm_3;0;0
10/05/2021 12:38;Documento_74951;1;1
10/05/2021 12:38;Documento_48730_Perm_12;0;0
10/05/2021 12:38;Documento_52393_Perm_7;0;0
10/05/2021 12:38;Documento_74930;1;1
10/05/2021 12:38;Documento_74930_Perm_15;0;0
10/05/2021 12:38;Documento_74930;1;1
10/05/2021 12:38;Documento_50729_Perm_2;0;0
10/05/2021 12:38;Documento_117977;1;1
10/05/2021 12:38;Documento_117977_Perm_17;0;0
10/05/2021 12:38;Documento_117977;1;1
10/05/2021 12:38;Documento_52162;1;1
10/05/2021 12:38;Documento_52162_Perm_18;0;0
10/05/2021 12:38;Documento_52162;1;1
10/05/2021 12:38;Documento_100392_Perm_13;0;0
10/05/2021 12:38;Documento_74943;1;1
10/05/2021 12:38;Documento_74943_Perm_15;0;0
10/05/2021 12:38;Documento_74943;1;1
10/05/2021 12:38;Documento_74943_Perm_14;0;0
10/05/2021 12:38;Documento_99421_Perm_10;0;0
10/05/2021 12:38;Documento_45867;1;1
10/05/2021 12:38;Documento_93158_Perm_15;0;0
10/05/2021 12:38;Documento_104795;1;1
10/05/2021 12:38;Documento_104795_Perm_19;0;0
10/05/2021 12:38;Documento_50676;1;1
10/05/2021 12:38;Documento_50676_Perm_2;0;0
10/05/2021 12:38;Documento_50676;1;1
10/05/2021 12:38;Documento_62950;1;1
10/05/2021 12:38;Documento_62950_Perm_17;0;0
10/05/2021 12:38;Documento_62950;1;1
10/05/2021 12:38;Documento_108119_Perm_3;0;1
10/05/2021 12:38;Documento_64273;1;1
10/05/2021 12:38;Documento_105540_Perm_3;0;0
10/05/2021 12:38;Documento_105540;1;1
10/05/2021 12:38;Documento_91791_Perm_9;0;0
10/05/2021 12:38;Documento_52393;1;1
10/05/2021 12:38;Documento_117977_Perm_2;0;0
10/05/2021 12:38;Documento_32222;1;1
10/05/2021 12:38;Documento_32222_Perm_10;0;0
